Name,Day,Description,Group,Notes,Type,URL,Visited
Kansai International Airport,Day 1,"10:30-12:00 — Touch down, breeze through Smart Immigration, and pick up ICOCA & Haruka passes for the fortnight of Kansai adventures.",Osaka,Follow signage to JR Ticket Office (Level 2) for the ICOCA & HARUKA bundle; allow 45 minutes for immigration & luggage. Booking: Pre-fill Visit Japan Web QR codes; seat reservations optional on Haruka Express (green car recommended with luggage). With You + Nana (evening meet-up) Nanako working day Flight arrival planned for 10:30 JST — adjust if airline changes schedule.,Arrival,https://maps.google.com/?cid=12104414214768042484,No
Hotel Agora Osaka Moriguchi,Day 1,12:45-13:30 — Check into a sleek Keihan-line base so Nana can commute easily on work days while you explore nearby neighbourhood cafés.,Osaka (Keihan Line),"Haruka to Tennoji (45 min) → Osaka Loop to Kyobashi → Keihan express to Moriguchishi (total ~75 min). Request corner room with river view. Booking: Reserve flexible twin (Nov 14–18, 20–22, 25–26) on official site with breakfast add-on; note late check-in if flights delay. With You + Nana Budget around £129.73 Nanako working day Use luggage forwarding desk to send Kyoto overnight bag on 19 Nov.",Lodging,https://maps.google.com/?cid=13148145580788093834,No
Dōtonbori promenade,Day 1,"17:00-18:00 — Ease into the neon with a golden-hour stroll beneath the Glico sign, sampling street snacks and capturing the first couple snaps.",Osaka,Keihan line to Yodoyabashi → Midosuji subway to Namba (30 min). Hit Don Quijote for Suica/ICOCA top-ups and trip mascot souvenirs. Booking: None; aim for 17:00 for dusk reflections. With You + Nana Budget around £10.81 Nanako working day Pick up matching gachapon keychains as kick-off ritual.,Neighbourhood Stroll,https://maps.google.com/?cid=16446419638008461065,No
Tonbori River Cruise,Day 1,18:15-18:45 — Sail past Osaka’s LED canyon; perfect for first-night wow shots and a quick rest for jet-lagged feet.,Osaka,"Board at Tazaemon-bashi Dock. Arrive 15 minutes early to swap QR voucher for tickets. Booking: Reserve online (¥1,200 pp); choose front-row seats for unobstructed photos. With You + Nana Budget around £12.97 Nanako working day Pack light jacket — November breezes over the canal can be crisp.",Experience,https://maps.google.com/?cid=11944000788392540382,No
Mizuno Okonomiyaki,Day 1,"19:00-20:30 — Celebrate night one with caramelised okonomiyaki on a teppan counter, pairing yuzu highballs with the flagship yam batter.",Osaka,"Queue likely ~30 minutes; add name at 18:30 then explore Hozenji Yokocho until called. Order “Yamaimo-yaki” and seasonal special. Booking: No reservations; cash-focused (¥2,500 pp). With You + Nana Budget around £27.03 Nanako working day Request English menu for limited-time toppings.",Food,https://maps.google.com/?cid=14993068628475195202,No
Hozenji Yokocho lantern walk,Day 1,"20:30-21:15 — Wind down along the mossy alley, wash the Fudō-myōō statue for blessings, and grab warabi-mochi to-go for the train ride home.",Osaka,2-minute walk from Mizuno. Keihan trains run until after midnight back to Moriguchishi (last rapid ~23:50). Booking: None. With You + Nana Budget around £6.49 Nanako working day Collect omamori for safe travels + relationship luck.,Night Stroll,https://maps.google.com/?cid=1940503935653472466,No
Brooklyn Roasting Company Kitahama,Day 2,09:00-10:00 — Fuel up riverside with Kyoto-sourced beans and plan the day over almond croissants in the airy loft.,Osaka,Keihan express to Kitahama (20 min). Grab window seats upstairs for canal views. Booking: None; arrive before 09:30 to beat the weekend crowd. With You + Nana Budget around £9.73 Bring reusable tumbler for iced seasonal blends.,Coffee,https://maps.google.com/?cid=3143396422888168986,No
Shinsaibashi-suji & Amerikamura treasure hunt,Day 2,"10:15-13:00 — Blend Shinsaibashi flagship finds with Amerikamura thrift gems—hunt vintage Harajuku vibes, refill skincare at @cosme, and hit Kinji for statement pieces.",Osaka,"Walk from Kitahama via Midosuji (15 min). Use lockers at Shinsaibashi Station to store purchases before lunch. Booking: None; map favourite boutiques in advance on shared Google Map. With You + Nana Budget around £81.08 Drop by WEGO, BAPE, and vinyl at Timebomb Records.",Shopping,https://maps.google.com/?cid=7087755665176380195,No
Kuromon Ichiba Market tasting lunch,Day 2,"13:15-14:30 — Grazing lunch of toro nigiri, charcoal-grilled scallops, and strawberry daifuku while chatting with fishmongers.",Osaka,"5-minute walk to Kuromon. Bring cash for stall snacks; aim for 6-8 bites (~¥3,000 pp). Booking: Optional: pre-book Kuromon tasting tour for insider stalls. With You + Nana Budget around £32.43 Pick up fruit gift for Nana’s parents.",Food,https://maps.google.com/?cid=12402117845945925953,No
Namba Yasaka Shrine guardian photos,Day 2,15:00-15:40 — Snap surreal shots in front of the iconic lion-head stage and leave ema wishes for the journey.,Osaka,10-minute stroll from Kuromon via backstreets; best lighting mid-afternoon. Booking: None. With You + Nana Budget around £2.70 Collect goshuin stamp for the travel shrine book.,Culture,https://maps.google.com/?cid=9278387310004857503,No
teamLab Botanical Garden Osaka,Day 2,"18:00-20:00 — Nighttime digital art woven through Nagai Botanical Garden—glowing eggs, mirrored ponds, and luminous bamboo groves.",Osaka,"Subway Midosuji Line to Nagai (20 min from Shinsaibashi). Allow 90 minutes to wander loops; bring lightweight tripod alternative. Booking: Secure 18:00 entry slot (¥1,800 pp) through teamLab website two months ahead. With You + Nana Budget around £19.46 Check weather—open-air event; reschedule option needed if heavy rain.",Immersive Art,https://maps.google.com/?cid=4949594704093356283,No
Arashiyama Bamboo Grove,Day 3,"06:30-07:30 — Catch the bamboo groves before crowds arrive, capturing misty light beams and atmospheric morning sounds.",Kyoto,Keihan to Demachiyanagi → Hankyu to Arashiyama (~60 min). Ride first Hankyu departure 05:30 to arrive pre-dawn. Booking: None; pack tripod and optional kimono rental from 8:00 onwards. With You + Nana Consider hiring local photographer for 07:00 mini-shoot.,Nature,https://maps.google.com/?cid=18131488233213033693,No
Tenryu-ji Temple & Sogenchi Garden,Day 3,"07:45-09:15 — Explore UNESCO Zen gardens glowing with momiji, and sip matcha overlooking the koi pond.",Kyoto,Entrance ¥500 + ¥300 for garden. Use north gate to exit directly into bamboo grove. Booking: Reserve shojin-ryori breakfast at Shigetsu for 8:00 seating if desired. With You + Nana Budget around £8.65 Check foliage reports for peak colour adjustments.,Culture,https://maps.google.com/?cid=14815785984447432896,No
Riverside soba at Arashiyama Yoshimura,Day 3,11:00-12:00 — Warm up with handmade soba and tempura while overlooking Togetsukyo Bridge from tatami seating.,Kyoto,"Add name to queue by 10:30; ask for second-floor window seat. Average spend ¥2,000 pp. Booking: No reservations; request English menu for seasonal soba. With You + Nana Budget around £21.62 Order yuba sashimi sampler to share.",Food,https://maps.google.com/?cid=14941654592724285625,No
Kimono Forest at Randen Arashiyama,Day 3,12:10-12:40 — Wander through 600 illuminated kimono poles—perfect midday photo op before heading south.,Kyoto,Free entry beside Randen tram station. Capture boomerang videos under the sky projection well. Booking: None. With You + Nana Pick favourite pattern for future custom yukata order.,Photo Spot,https://maps.google.com/?cid=14328627673236365801,No
Fushimi Inari Taisha golden hour climb,Day 3,"16:00-18:00 — Trace thousands of vermilion torii, pausing at Yotsutsuji for Kyoto panorama as lanterns begin to glow.",Kyoto,JR Nara Line to Inari (30 min). Climb to summit (~90 min round trip) with kitsune snack stops. Booking: None; consider renting kimono early morning for evening return photos. With You + Nana Write shared wish on torii ema for upcoming Tokyo meet-ups.,Culture,https://maps.google.com/?cid=8870624639634301673,No
Gekkeikan Okura Sake Museum tasting flight,Day 3,"18:15-19:30 — Sample aged sake in the heart of Fushimi, blending history with guided tasting notes perfect for gifting.",Kyoto,"Walk 12 minutes from Inari to Chushojima area (or quick Keihan ride). Last tasting entry 19:00. Booking: Reserve premium tasting course (¥1,000) for English guide availability. With You + Nana Budget around £10.81 Ship bottle set to Nana’s apartment to avoid luggage weight.",Food & Drink,https://maps.google.com/?cid=9137465178982848979,No
Tōdai-ji Daibutsuden,Day 4,09:00-10:30 — Stand beneath the 15-meter bronze Buddha and enjoy the morning chanting echoing through the ancient hall.,Nara,"Kintetsu rapid to Nara (55 min). Buy combo ticket (¥1,000) covering museum if interested. Booking: Arrive at opening to avoid school groups. With You + Nana Budget around £10.81 Carry deer senbei in tote pocket for surprise cameos.",Culture,https://maps.google.com/?cid=17911005107283377295,No
Nara Park deer moments,Day 4,"10:30-11:30 — Stroll tree-lined paths feeding polite deer, capturing playful bows and autumn leaves.",Nara,Deer crackers ¥200; sanitize hands frequently. Stay near central lawn to keep timeline on track. Booking: None. With You + Nana Budget around £3.24 Watch for deer nibbling maps—store paper items securely.,Nature,https://maps.google.com/?cid=17972930374069941334,No
Nakatanidou mochi theatrics,Day 4,11:40-12:10 — Catch the famous high-speed mochi pounding show and snack on warm yomogi mochi dusted in kinako.,Nara,5-minute walk from Kintetsu Nara Station. Shows roughly every 30 minutes—arrive just before noon. Booking: None; cash only (¥130 per mochi). With You + Nana Budget around £2.70 Record slow-mo video for Instagram reel.,Food,https://maps.google.com/?cid=14561917136571056776,No
Byōdō-in Phoenix Hall,Day 4,"13:30-15:00 — Admire the iconic Phoenix Hall mirrored in the reflecting pond, stepping inside for the gold-leaf interior tour.",Uji,JR Nara Line to Uji (30 min). Entry ¥700 + ¥300 museum; interior tour timed—collect tickets upon arrival. Booking: Optional: pre-book English audio guide. With You + Nana Budget around £10.81 Pick up commemorative ¥10 coin reproduction from gift shop.,Culture,https://maps.google.com/?cid=6954706348575164324,No
Tsuen Tea master tasting,Day 4,"15:00-16:00 — Sip hand-whisked matcha and gyokuro flight at the world’s oldest tea shop, learning whisk techniques from tea masters.",Uji,"Located beside Uji Bridge; reserve tea experience (¥2,500 pp). Allow extra time to browse teaware. Booking: Book tasting counter 2 weeks ahead; request English notes. With You + Nana Budget around £27.03 Buy travel-friendly canisters for Tokyo friend gifts.",Food & Drink,https://maps.google.com/?cid=2102438674156082753,No
Hirakata T-SITE coworking lounge,Day 5,08:30-12:00 — Settle into T-SITE’s airy 4F coworking zone with killer library aesthetics while Nana logs into the office nearby.,Hirakata,"5-minute walk from Hirakatashi Station. Day pass ¥1,650 with unlimited drip coffee. Booking: Reserve desk via Kansai Cowork app; request window seats. With You + Nana (working) Budget around £8.92 Nanako working day Print Disney/USJ booking confirmations using onsite printers.",Work Base,https://maps.google.com/?cid=17127482803001824153,No
Café & Meal MUJI Hirakata T-SITE,Day 5,"12:15-13:00 — Healthy tray lunch of seasonal deli picks, miso soup, and yuzu soda to keep energy up mid-workday.",Hirakata,"Order 4-item plate (~¥1,100). Grab take-home snacks for train rides later in the week. Booking: No reservations; self-service ordering kiosk. With You + Nana Budget around £11.89 Nanako working day Check MUJI travel section for packing cubes before Tokyo.",Food,https://maps.google.com/?cid=17127482803001824153,No
Gokurakuyu Hirakata evening soak,Day 5,18:30-20:00 — Reward the workday with rotenburo and carbonated baths at the local sentō/spa complex.,Hirakata,"Short taxi from station (~¥700). Bring onsen kit; tattoos require cover stickers (available at front desk). Booking: No booking needed; entry ¥850 + ¥220 towel rental. With You + Nana Budget around £11.57 Nanako working day Try the salt sauna and schedule shoulder massage (+¥2,000).",Wellness,https://maps.google.com/?cid=7875082954910224352,No
Kushikatsu Tanaka Hirakata,Day 5,"20:15-21:30 — Late-night skewers, DIY sauce, and highball towers steps from Nana’s station—casual, comforting, delicious.",Hirakata,"Book corner booth; share kushi-katsu set + cheese fondue skewers. Average spend ¥3,000 for two with drinks. Booking: Use Tabelog to secure 20:15 slot (English-friendly). With You + Nana Budget around £32.43 Nanako working day Ask staff about November limited-time skewers for birthday week inspiration.",Food,https://maps.google.com/?cid=12975794440701677436,No
Kinkaku-ji (Golden Pavilion),Day 6,08:30-09:30 — Glimpse the shimmering pavilion mirrored in Kyōko-chi pond just as the sun illuminates autumn leaves.,Kyoto,Keihan to Demachiyanagi → bus 204 (35 min). Purchase ¥500 tickets at gate; follow one-way path. Booking: No reservations; arrive before tour buses. With You + Nana Budget around £5.41 Pick up matcha soft serve at exit if lines are short.,Culture,https://maps.google.com/?cid=1073025677330113631,No
Ryōan-ji Zen rock garden,Day 6,09:45-10:30 — Contemplate the famed 15-stone karesansui garden in a serene morning setting.,Kyoto,Walk 15 minutes from Kinkaku-ji. Entry ¥500; remove shoes when entering the temple hall. Booking: None. With You + Nana Budget around £5.41 Pair with nearby yudofu shop if craving a warm snack.,Culture,https://maps.google.com/?cid=16261116435795248450,No
Camellia GARDEN tea ceremony,Day 6,"11:30-12:30 — Hands-on tea ceremony in a hidden garden near Ninenzaka, blending cultural insight with meditative calm.",Kyoto,"Taxi from Ryōan-ji to Ninenzaka (20 min). Arrive 10 minutes early for optional kimono dressing. Booking: Book private session (¥6,000 pp) via camellia-tea-ceremony.com; request English host Nozomi. With You + Nana Budget around £64.86 Bring socks for tatami; photography allowed after ceremony.",Experience,https://maps.google.com/?cid=9161111180576021376,No
Honke Owariya main store lunch,Day 6,13:00-14:00 — Taste Kyoto’s oldest soba paired with tempura and seasonal sweets in a 550-year-old merchant house.,Kyoto,"10-minute walk from Camellia. Try Hourai soba set (~¥1,600). Booking: Call to reserve upstairs tatami seating; mention dietary notes. With You + Nana Budget around £18.92 Purchase soba cookies for tea-time gifts.",Food,https://maps.google.com/?cid=16359369336265180348,No
Kyomachiya Ryokan Sakura Urushitei,Day 6,"15:00 check-in — Check into an artisan machiya with hinoki baths, yukata sets, and traditional breakfast service.",Kyoto,"Walk 12 minutes from Karasuma Station. Request luggage forwarding from Osaka using Yamato (~¥1,500). Booking: Book courtyard suite for 19 Nov; include breakfast and kaiseki dinner upgrade. With You + Nana Budget around £216.22 Arrange tatami tea-time photos before dinner.",Lodging,https://maps.google.com/?cid=3664127484669648848,No
Hanamikoji twilight stroll,Day 6,17:30-18:30 — Evening walk through Gion’s lantern-lit lanes hoping for a glimpse of maiko en route to engagements.,Kyoto,10-minute walk from ryokan. Stay respectful—no flash photography or blocking paths. Booking: Optional: book Gion cultural guide for deeper insights. With You + Nana Stop by Tatsumi Bridge for couple portraits.,Culture,https://maps.google.com/?cid=17005749363295018432,No
Kiyomizu-dera sunrise blessings,Day 7,06:00-07:15 — Beat the crowds to watch sunlight spill over Kyoto from the wooden stage while bells echo.,Kyoto,Stay near temple overnight; gates open 06:00. Carry ¥400 entry fee in coins. Booking: None. With You + Nana Budget around £4.32 Collect omikuji for upcoming Tokyo luck.,Culture,https://maps.google.com/?cid=7111013964196361402,No
Sannenzaka & Ninenzaka slow stroll,Day 7,07:15-08:00 — Browse early-opening ceramics and craft shops before day-trippers flood the slopes.,Kyoto,Start at Kiyomizu exit; stop at Starbucks Ninenzaka for Kyoto-only merch at 08:00. Booking: None; pre-list must-visit boutiques. With You + Nana Budget around £21.62 Buy engraved chopsticks for birthday dinner table settings.,Shopping,https://maps.google.com/?cid=11767990651930696711,No
Kyoto Yakiniku Hiro (Shijo Kiyamachi),Day 7,12:00-13:30 — Indulge in wagyu lunch set with river views before heading back to Osaka.,Kyoto,"Reserve tatami booth; lunch set ~¥3,500 pp. Use luggage storage at ryokan until departure. Booking: Book via TableCheck; note allergy preferences. With You + Nana Budget around £37.84 Split premium platter to sample A5 cuts.",Food,https://maps.google.com/?cid=3280333615075260841,No
Kyoto Station Sky Garden,Day 7,14:00-14:45 — Catch futuristic architecture and secret rooftop garden before boarding the train south.,Kyoto,Take escalators to 11F; free entry. Grab Kyoto-style ekiben for train. Booking: None. With You + Nana Film time-lapse of escalator axis for trip vlog.,Viewpoint,https://maps.google.com/?cid=13121875705491233800,No
OMO7 Osaka by Hoshino Resorts check-in,Day 7,"16:00-16:30 — Shift to a design-forward stay with tatami lounges, onsen-style baths, and Osaka-focused concierge tours.",Osaka,JR Kyoto Line to Tennoji (~45 min). Request skyline view room; enjoy welcome sweets. Booking: Stay Nov 20 only; add breakfast buffet and sauna package. With You + Nana Budget around £172.97 Ask concierge to arrange Friday morning shuttle to Hirakata.,Lodging,https://maps.google.com/?cid=10904178204825139386,No
Umeda Sky Building sunset cocktails,Day 7,17:30-19:00 — Toast with sky-high cocktails as Osaka transitions from gold to neon at the Floating Garden Observatory.,Osaka,"JR Loop to Osaka Station; elevator + escalator to 39F. Entry ¥1,500 pp; bar menu extra. Booking: Pre-book sunset slot; bring smartphone gimbal for skyline shots. With You + Nana Budget around £32.43 Scout vantage points for birthday sparkler photos.",Viewpoint,https://maps.google.com/?cid=6323866581023509245,No
Hirakata T-SITE cowork reset,Day 8,"08:30-11:30 — Return to favourite desks for focus time, finalise Tokyo to-do lists, and sync with friends online.",Hirakata,Grab corner booths with power outlets; schedule midday break at 11:30. Booking: Reuse multi-day pass for coworking discount. With You + Nana Budget around £8.92 Nanako working day Ship Kyoto purchases via Yamato counter downstairs.,Work Base,https://maps.google.com/?cid=17127482803001824153,No
Hirakata Park retro amusements,Day 8,"15:30-17:30 — Celebrate end of workweek with gentle coasters, Ferris wheel selfies, and warm crepes in the vintage amusement park.",Hirakata,"Discount twilight tickets from 15:00 (~¥1,500). Keep ride choices mild ahead of shinkansen weekend. Booking: Check seasonal illumination schedule; pre-book if limited. With You + Nana Budget around £16.22 Nanako working day Ride Sky Walker for panoramic sunset over Osaka riverways.",Experience,https://maps.google.com/?cid=6647979896880488689,No
Torisei Hirakata sake dinner,Day 8,18:30-20:00 — Charcoal yakitori matched with Fushimi sake flights before packing for Tokyo.,Hirakata,"Book counter seats; budget ¥3,500 for shared platters. Order seasonal hotpot special. Booking: Reserve by phone; mention celebratory trip for omakase extras. With You + Nana Budget around £37.84 Nanako working day Gift staff sake from Gekkeikan visit.",Food,https://maps.google.com/?cid=2157355754970212496,No
Kuzuha Mall late-night prep run,Day 8,"20:15-21:30 — Final stop for Heattech, birthday décor, and Shinkansen snacks.",Hirakata,Keihan line 3 minutes from Hirakatashi. Visit Loft + Kaldi Coffee Farm for treats. Booking: None. With You + Nana Budget around £64.86 Nanako working day Print Tokyo itinerary at Aeon copy station if needed.,Shopping,https://maps.google.com/?cid=18201673667111364488,No
sequence MIYASHITA PARK check-in,Day 9,11:30-12:00 — Drop bags at the design hotel hugging Miyashita Park—perfect base between Shibuya and Harajuku.,Tokyo,Nozomi 16 from Shin-Osaka (08:00-10:30). Early baggage drop available; request high-floor park view. Booking: Reserve 1 night (Nov 22) double room; ask for late checkout 12:00. With You + Nana Budget around £140.54 Use hotel lockers for Nicole & Ken’s bags if they arrive early.,Lodging,https://maps.google.com/?cid=9510849312829855018,No
Afuri Harajuku yuzu ramen lunch,Day 9,12:30-13:30 — Freshen up with light yuzu shio ramen and vegan seasonal bowls before diving into Takeshita chaos.,Tokyo,Order via vending machine; share karaage side. Seating limited—arrive before peak rush. Booking: No reservations; have Suica ready for quick payment. With You + Nana + Nicole + Ken Budget around £27.03 Nicole loves spicy—grab the tsukemen option for her.,Food,https://maps.google.com/?cid=14658399961265590294,No
Takeshita Street & Harajuku ateliers,Day 9,"13:30-16:30 — Hop between Laforet pop-ups, 6%DOKIDOKI, and vintage sneaker shops while trying crepes and purikura booths.",Tokyo,Create shared AirDrop album for haul photos. Visit Moshi Moshi Box for free Wi-Fi & maps. Booking: Book 15:00 purikura slot at NOA Café for group shots. With You + Nana + Nicole + Ken Budget around £108.11 Pick matching accessories for birthday party outfits.,Shopping,https://maps.google.com/?cid=14032878377351675573,No
Shibuya Sky golden hour meet-up,Day 9,17:00-18:30 — Meet James for panoramic city views as the scramble lights up below—capture drone-like shots from the helipad deck.,Tokyo,"Pre-book 17:00 entry (¥2,200). Lockers for bags; no tripods allowed but smartphone gimbals ok. Booking: Purchase tickets 2 months ahead; reserve Sky Gallery café seating. With You + Nana + Nicole + Ken + James Budget around £59.46 Coordinate surprise mini cake for James via café staff.",Viewpoint,https://maps.google.com/?cid=8067212359343678579,No
Gonpachi Shibuya dinner,Day 9,"19:00-21:00 — Izakaya feast with yakitori, sushi rolls, and sake flights inspired by Kill Bill vibes to cap the day.",Tokyo,"10-minute walk from Shibuya Crossing. Order set menu (~¥5,000 pp) plus vegetarian sides for Ken. Booking: Reserve private tatami room for 6; mention birthdays for dessert sparklers. With You + Nana + Nicole + Ken + James Budget around £162.16 Pay via credit card; split bill later using shared tracker.",Food,https://maps.google.com/?cid=5535728105966142773,No
teamLab Planets TOKYO DMM,Day 10,"09:00-11:00 — Barefoot, multi-sensory art spaces with mirrored water rooms—perfect for collaborative photos.",Tokyo,"Yurikamome to Shin-Toyosu. Bring small towel for water installations. Booking: Book 09:00 slot (¥3,800 pp). Add photo plan for digital downloads. With You + Nana + Nicole + Ken Budget around £82.16 Coordinate matching monochrome outfits for reflective shots.",Immersive Art,https://maps.google.com/?cid=7918542870314997282,No
Pokémon Café Nihonbashi,Day 10,"12:00-13:30 — Adorable character plates, latte art, and special edition merch with tableside Pikachu show.",Tokyo,"5F Takashimaya annex; arrive 15 minutes early to check in. Average spend ¥3,000 pp. Booking: Reservations open exactly 31 days in advance at 18:00 JST—set reminder. With You + Nana + Nicole + Ken Budget around £64.86 Order seasonal dessert for Ken’s birthday shout-out.",Food,https://maps.google.com/?cid=4725603843889793061,No
MIMARU Tokyo Shinjuku WEST pajama party,Day 10,"15:00 check-in — Apartment-style suite with tatami bunk beds, kitchen for snacks, and board games for a nostalgic sleepover.",Tokyo,Taxi from Nihonbashi (~25 min). Request Pokémon-themed room if available. Booking: Book 2-bedroom suite for Nov 23; add breakfast basket. With You + Nana + Nicole + Ken Budget around £194.59 Set up projector for Mario Kart tournament.,Lodging,https://maps.google.com/?cid=15607418906888136225,No
Karaoke Kan Shibuya all-out session,Day 10,"20:00-22:30 — Sing through anime themes, K-pop, and nostalgic hits with drink package and custom cake delivery.",Tokyo,Reserve party room with neon lighting; bring Polaroid for instant keepsakes. Booking: Book 3-hour plan with unlimited soft drinks + two cocktails per person. With You + Nana + Nicole + Ken Budget around £97.30 Queue duet playlist curated earlier in Spotify.,Nightlife,https://maps.google.com/?cid=7596898140513591090,No
Tokyo DisneySea adventure,Day 11,"08:00-19:00 — Soar on Soaring, dive into Journey to the Center, and catch the evening Harbor of Dreams show with Christmas overlays.",Tokyo,"Resort line from Maihama Station; use Premier Access for Soaring + Journey to shorten queues. Booking: Buy 1-day passports (¥10,900 pp) + 2 Premier Access per headline attraction. With You + Nana + Nicole + Ken Budget around £235.68 Coordinate group outfits (earth-tone Disney-bounding).",Theme Park,https://maps.google.com/?cid=4703760703938833701,No
Disney Ambassador Hotel lounge reset,Day 11,13:30-15:00 — Afternoon tea at Hyperion Lounge to recharge mid-park with seasonal desserts and photo ops.,Tokyo,5-minute walk from park entrance; deposit bags with bell desk before lounge visit. Booking: Reserve 14:00 seating via official app; note birthday celebration. With You + Nana + Nicole + Ken Budget around £86.49 Collect exclusive hotel pin for keepsake board.,Lodging,https://maps.google.com/?cid=6044710685353048397,No
Nozomi ride home with ekiben,Day 11,19:40-22:30 — Board Nozomi 273 back to Shin-Osaka with Tokyo Station bento feast and birthday countdown playlist planning.,Tokyo → Osaka,Depart Tokyo Station 19:40 (arrive 22:13). Reserve seats in car 13 for luggage space. Booking: Use smartEX app to book seats; pick up at ticket machine. With You + Nana Budget around £162.16 Wave goodbye to Nicole & Ken as they head back to Chiba.,Transport,https://maps.google.com/?cid=11114180190203192,No
Hirakata T-SITE cowork catch-up,Day 12,"08:30-11:30 — Dial back into work mode, archive Tokyo photos, and prep Osaka birthday logistics alongside Nana.",Hirakata,Book day desk again; bring souvenirs for Nana’s colleagues. Booking: Consider 5-day pass if returning later. With You + Nana (working) Budget around £8.92 Nanako working day Ship Nicole & Ken’s leftover gifts via Yamato.,Work Base,https://maps.google.com/?cid=17127482803001824153,No
Osaka Museum of Housing and Living,Day 12,15:30-17:00 — Wander Edo-period Osaka streets recreated indoors—rent yukata for photos and learn urban history.,Osaka,Subway to Tenjinbashisuji 6-chome; lockers available for bags. Entry ¥600. Booking: Reserve time slot online (English site) to skip queue. With You + Nana Budget around £10.81 Nanako working day Add optional kimono rental (~¥500) for photos.,Culture,https://maps.google.com/?cid=10674462834411964257,No
Torame Yokocho night market dinner,Day 12,"19:00-21:00 — Graze across Osaka comfort classics—takoyaki, kushikatsu, craft beer—under a retro neon arcade.",Osaka,"Located in Namba. Reload ICOCA before arrival; mix-and-match small plates (~¥4,000 total). Booking: No bookings; arrive early to secure communal table. With You + Nana Budget around £43.24 Nanako working day Scout dessert at adjoining “Electric Cafe” for matcha parfaits.",Food,https://maps.google.com/?cid=6273016228902860999,No
Kobe Nunobiki Herb Gardens & Ropeway,Day 13,09:30-12:00 — Glide up the ropeway for panoramic views and wander fragrant greenhouses with seasonal blooms.,Kobe,"JR rapid to Shin-Kobe (30 min). Ropeway combo ticket ¥1,800; arrive early for crowd-free photos. Booking: Purchase e-tickets online for express entry. With You + Nana Budget around £19.46 Try herb soft serve at summit café.",Nature,https://maps.google.com/?cid=9393563791333494613,No
Steakland Kobe lunch set,Day 13,12:30-14:00 — Classic teppan Kobe beef lunch with live chef performance—best value wagyu feast.,Kobe,"10-minute walk from Sannomiya. Lunch set ¥3,480 pp includes soup, salad, rice, dessert. Booking: Call morning-of to secure counter seats; note medium-rare preference. With You + Nana Budget around £43.24 Add garlic chips and sparkling sake pairing.",Food,https://maps.google.com/?cid=4268193972152431843,No
Arima Onsen Taiko-no-yu,Day 13,"15:00-18:00 — Soak in gold and silver springs, explore cave baths, and book a private relaxation room.",Arima,"Hankyu Bus from Sannomiya (35 min). Entry ¥2,750; rent yukata + towel set. Booking: Reserve private tatami lounge for two hours (+¥3,000). With You + Nana Budget around £43.24 Hydrate with locally bottled carbonated Arima water.",Wellness,https://maps.google.com/?cid=16499097178660564879,No
Kobe Harborland night stroll,Day 13,"19:00-20:30 — Capture mosaic lights, ride the Ferris wheel if energy allows, and share harbourfront desserts.",Kobe,JR to Kobe Station; 5-minute walk. Check Luminarie schedule for possible early displays. Booking: None. With You + Nana Budget around £10.81 Try Godiva hot chocolate for warm hands.,Night Stroll,https://maps.google.com/?cid=12749193704110128037,No
Universal Studios Japan flagship day,Day 14,"08:00-21:00 — Hit Super Nintendo World at rope drop, chase Jujutsu Kaisen XR ride, and close with Night Parade.",Osaka,JR Yumesaki Line to Universal City. Enter park 07:30 with early-entry Express Pass 7. Booking: Purchase USJ tickets + Express Pass (type 7) three months out; reserve Kinopio’s Café lunch. With You + Nana Budget around £281.08 Bring power bank & wearable wristband for Power-Up Band challenges.,Theme Park,https://maps.google.com/?cid=3892796888607511210,No
W Osaka check-in & suite styling,Day 15,"14:00-15:00 — Secure a Marvelous Suite for party-ready lighting, stash decorations, and arrange welcome amenities.",Osaka,Check-in early via Marriott Bonvoy elite chat; request high-floor city view and extra vanity mirrors. Booking: Stay Nov 28-30; add birthday amenity + late checkout on 30 Nov. With You (setup) + Nana after work + Nicole & Ken (guest access) Budget around £513.51 Nanako working day Set up Polaroid guest book & confetti balloons before guests arrive.,Lodging,https://maps.google.com/?cid=2705746213831136029,No
MYDO Teppanyaki birthday dinner,Day 15,"18:30-20:30 — Table-side wagyu, flambéed seafood, and custom dessert with dual birthday shout-outs for you and Ken.",Osaka,Located inside W Osaka. Request private teppan counter with six seats. Booking: Pre-order cake + champagne tower; confirm shellfish allergies. With You + Nana + Nicole + Ken Budget around £324.32 Nanako working day Play curated playlist through restaurant’s sound system (share via Spotify link).,Food,https://maps.google.com/?cid=4258381221987283802,No
Karaoke Kan Shinsaibashi takeover,Day 15,"21:00-23:30 — Private neon room with unlimited drinks, photobooth props, and birthday slideshow during choruses.",Osaka,Reserve VIP room; bring HDMI cable for slideshow. Order sparkling sake tower. Booking: Book 3-hour premium plan with open bar via Jalan Net. With You + Nana + Nicole + Ken + Osaka friends (optional) Budget around £129.73 Nanako working day Surprise Ken with co-birthday montage at 22:00.,Nightlife,https://maps.google.com/?cid=2046130830251139311,No
Bar Nayuta sky cocktails,Day 15,23:45-01:00 — Wind down with rooftop mixology featuring yuzu gin fizzes and dessert cocktails overlooking Osaka Castle lights.,Osaka,5-minute taxi from karaoke. Dress smart-casual; limited seating at counter. Booking: Reserve 23:45 slot; request custom drink named “Japlan Nova”. With You + Nana + Nicole + Ken Budget around £86.49 Nanako working day Bring small thank-you gifts for bartenders (Aussie chocolate).,Nightlife,https://maps.google.com/?cid=8702241179377055165,No
Eikan-dō Zenrin-ji morning glow,Day 16,09:30-11:00 — Marvel at fiery maple reflections in the Hojo Pond and climb the Tahoto pagoda for sweeping views.,Kyoto,"Keihan from Yodoyabashi to Jingū-Marutamachi then taxi (15 min). Entry ¥1,000; illumination tickets separate. Booking: Buy advance tickets online to skip queue; bring printed QR codes. With You + Nana + Nicole + Ken Budget around £21.62 Shoot birthday-week group photo on the Hojo Bridge.",Culture,https://maps.google.com/?cid=2060121541776026964,No
Philosopher’s Path stroll,Day 16,"11:00-12:00 — Leisurely walk along the canal beneath amber leaves, stopping for craft boutiques and gelato.",Kyoto,Start near Eikan-dō and head north; peek into artisanal shops like Ginkaku-ji Seseragi. Booking: None. With You + Nana + Nicole + Ken Budget around £10.81 Grab seasonal gelato at Sfera Bar Satén en route.,Nature,https://maps.google.com/?cid=13093296689021343783,No
Okutan Nanzenji yudofu lunch,Day 16,12:30-13:45 — Traditional tofu kaiseki in a tatami room overlooking a moss garden—warming and serene.,Kyoto,"Reserve tatami room; lunch course ¥3,800 pp. Remove shoes at entry. Booking: Call ahead; mention vegetarian-friendly preferences. With You + Nana + Nicole + Ken Budget around £86.49 Pre-order sansho pepper tofu for take-home treat.",Food,https://maps.google.com/?cid=737529368844235860,No
Tōfuku-ji autumn canopies,Day 16,14:30-16:00 — Stroll across Tsutenkyo Bridge for jaw-dropping maple valley views and temple gardens.,Kyoto,"Keihan to Tofukuji Station; timed entry queue moves quickly (~20 min). Booking: Purchase timed tickets online if available; otherwise buy on arrival (¥1,000). With You + Nana + Nicole + Ken Budget around £21.62 Visit Kaisando for quieter contemplation.",Culture,https://maps.google.com/?cid=7117677159742707137,No
Kōdai-ji night illumination,Day 16,"18:00-19:30 — Nighttime light-up across Zen gardens and bamboo grove, culminating in mirror pond projections.",Kyoto,"Taxi from Tofuku-ji (15 min). Evening entry ¥1,000; ends 21:30. Booking: Buy combo ticket with Entoku-in for extra installations. With You + Nana + Nicole + Ken Budget around £21.62 Return to Osaka via Keihan Gion-Shijo after illumination.",Culture,https://maps.google.com/?cid=2616919559259342976,No
Takamura Wine & Coffee Roasters brunch,Day 17,10:00-11:30 — Celebrate the journey with artisanal coffee cupping and light brunch in a lofted roastery.,Osaka,Taxi from W Osaka (10 min). Reserve tasting flight with seasonal beans. Booking: Book cupping session for two; pick up beans for home brewing. With You + Nana + Nicole + Ken Budget around £43.24 Purchase natural wine for holiday gifting (ship via EMS).,Food,https://maps.google.com/?cid=18436798584987103295,No
Rinku Premium Outlets spree,Day 17,"13:00-16:00 — Outlet hop for last-minute gifts—Onitsuka Tiger, Coach, Nintendo Tokyo satellite—and sunset pier views.",Izumisano,JR rapid or Nankai to Rinku-Town (40 min). Use hands-free delivery counter for extra bags. Booking: Download coupon QR via official site for extra 10% savings. With You + Nana Budget around £162.16 Ride Rinku OOTD Ferris wheel if time allows.,Shopping,https://maps.google.com/?cid=14141131390446530690,No
Kansai International Airport departure,Day 17,"18:00-23:00 — Check in early, enjoy KIX Lounge showers, and savour final takoyaki before overnight flight home.",Osaka,Hotel limo or Nankai Rapi:t to KIX (~45 min). Arrive 3 hours pre-flight for tax-free refund pickup. Booking: Confirm airline upgrade waitlist; pre-book KIX lounge seats via Priority Pass. With You + Nana Hand-carry matcha and sake; ensure liquids follow allowance.,Departure,https://maps.google.com/?cid=12104414214768042484,No
