Name,Date,Day,Time,Friends,Group,Notes,Rating,Type,Website,Map URL,Weekday,Latitude,Longitude,Cluster
Kansai International Airport DXB → KIX (EK316) 13:30,"November 14, 2025",Day 1,Midday (11:00-14:00),"Henry, Nanako",Osaka,"Touch down, breeze through Smart Immigration, and pick up ICOCA & Haruka passes for Kansai adventures. Land at Terminal 1.",,Travel,,https://maps.google.com/?cid=12104414214768042484,Friday,34.4348282,135.2446195,KIX Arrival
Hotel Agora Osaka Moriguchi,"November 14, 2025",Day 1,Afternoon (14:00-17:00),"Henry, Nanako",Osaka,Check into a sleek Keihan-line base so Nana can commute easily on work days while you explore nearby neighbourhood cafés. Request river view corner room.,4,Accommodation,https://www.hotelagora-moriguchi.com/,https://maps.google.com/?cid=13148145580788093834,Friday,34.7350206,135.5658619,Agora Riverside Base
Torisei Hirakata,"November 14, 2025",Day 1,Evening (17:00-20:00),"Henry, Nanako",Osaka,Charcoal yakitori matched with Fushimi sake flights before packing for Tokyo. Book counter seats.,3.2,"Food, Needs Booking",https://akr2875411535.owst.jp/,https://maps.google.com/?cid=2157355754970212496,Friday,34.8175934,135.6504183,Hirakata Welcome Dinner
Osaka Castle,"November 15, 2025",Day 2,Morning (08:00-11:00),"Henry, Nanako",Osaka,"Catch morning light over Nishinomaru Garden, then head up the keep for historical exhibits. Revered castle dating to 1597 and since rebuilt, featuring gardens and museum with varied exhibits.",4.4,Attractions,https://www.osakacastle.net/,https://maps.google.com/?cid=1081374622389182017,Saturday,34.6872571,135.5258546,Osaka Castle Morning
Umeda Sky Building,"November 15, 2025",Day 2,Midday (11:00-14:00),"Henry, Nanako",Osaka,Toast with sky-high cocktails as Osaka transitions from gold to neon at the Floating Garden Observatory. JR Loop to Osaka Station.,,Attractions,https://www.skybldg.co.jp/en/,https://maps.google.com/?cid=6323866581023509245,Saturday,34.7052872,135.4896527,Umeda Skylines
Grand Front Osaka,"November 15, 2025",Day 2,Midday (11:00-14:00),"Henry, Nanako",Osaka,"Sample patisserie, sake, and wagashi in Umekita Cellar while curating birthday dessert table. Walk from Takamura via Umeda Sky walkway.",4.1,Shopping,,https://maps.google.com/?cid=10730928324569822745,Saturday,34.7035372,135.4945683,Umeda Skylines
Rikuro's,"November 15, 2025",Day 2,Afternoon (14:00-17:00),"Henry, Nanako",Osaka,Fluffy pancakes. 9AM-8PM.,,Food,,https://maps.app.goo.gl/9cTCM2ttxx1aBfUv9,Saturday,34.6661133,135.5016421,Osaka Minami Street Food
Dotonbori,"November 15, 2025",Day 2,Afternoon (14:00-17:00),"Henry, Nanako",Osaka,"Ease into the neon with golden-hour stroll beneath the Glico sign, sampling street snacks and capturing first couple snaps. First taste of Osaka neon.",,Attractions,,https://maps.google.com/?cid=16446419638008461065,Saturday,34.6686471,135.5030983,Osaka Minami Street Food
Tombori River Cruise,"November 15, 2025",Day 2,Afternoon (14:00-17:00),"Henry, Nanako",Osaka,"Sail past Osaka's LED canyon - perfect for first-night wow shots and rest for jet-lagged feet. Book online 2 weeks ahead (¥1,200pp).",4.4,"Needs Booking, Travel",http://www.ipponmatsu.co.jp/cruise/tombori.html,https://maps.google.com/?cid=11944000788392540382,Saturday,34.6691432,135.502709,Osaka Minami Street Food
Okonomiyaki Mizuno,"November 15, 2025",Day 2,Evening (17:00-20:00),"Henry, Nanako",Osaka,"Celebrate night one with caramelised okonomiyaki on teppan counter, pairing yuzu highballs with flagship yam batter. Join queue at 6:30 PM.",3.8,Food,https://mizuno.gorp.jp/,https://maps.google.com/?cid=14993068628475195202,Saturday,34.6683548,135.5032226,Osaka Minami Street Food
Hozenji Yokocho,"November 15, 2025",Day 2,Evening (17:00-20:00),"Henry, Nanako",Osaka,"Wind down along mossy alley, wash the Fudō-myōō statue for blessings, and grab warabi-mochi to-go for train ride home. Wash the Fudō statue for travel blessings.",4.3,Attractions,,https://maps.google.com/?cid=1940503935653472466,Saturday,34.668208,135.5026287,Osaka Minami Street Food
Universal Studios Japan,"November 16, 2025",Day 3,Morning (08:00-11:00),"Henry, Nanako",Osaka,"Hit Super Nintendo World at rope drop, chase Jujutsu Kaisen XR ride, and close with Night Parade. Book USJ tickets plus Express Pass 7 three months ahead.",4.5,"Attractions, Needs Booking",https://www.usj.co.jp/web/ja/jp,https://maps.google.com/?cid=3892796888607511210,Sunday,34.6656768,135.4323185,Universal Studios Japan Adventure
Himeji Castle,"November 17, 2025",Day 4,Early Morning (05:00-08:00),"Henry, Nanako",Osaka,Explore the White Heron Castle keep and Koko-en gardens before crowds. JR Special Rapid from Osaka to Himeji (1 hr).,4.6,"Attractions, Needs Booking",https://www.city.himeji.lg.jp/castle/index.html,https://maps.google.com/?cid=8813417131136418225,Monday,34.839449,134.6939047,Himeji Heritage Walk
Kobe Nunobiki Herb Gardens,"November 17, 2025",Day 4,Morning (08:00-11:00),"Henry, Nanako",Osaka,Glide up the ropeway for panoramic views and wander fragrant greenhouses with seasonal blooms. JR rapid to Shin-Kobe.,4.5,"Attractions, Needs Booking",https://www.kobeherb.com/,https://maps.google.com/?cid=9393563791333494613,Monday,34.70442750000001,135.1938755,Kobe Herb View
Steakland Kobe,"November 17, 2025",Day 4,Midday (11:00-14:00),"Henry, Nanako",Osaka,Classic teppan Kobe beef lunch with live chef performance—best value wagyu feast. 10min walk from Sannomiya.,4,"Food, Needs Booking",https://steakland-kobe.jp/,https://maps.google.com/?cid=4268193972152431843,Monday,34.6930016,135.1917353,Steakland Kobe Lunch
Arima Onsen Taiko-no-yu,"November 17, 2025",Day 4,Midday (11:00-14:00),"Henry, Nanako",Osaka,"Soak in gold and silver springs, explore cave baths, and book a private relaxation room. Japan's most famous hot spring!.",3.7,"Attractions, Needs Booking",http://www.taikounoyu.com/,https://maps.google.com/?cid=16499097178660564879,Monday,34.7979027,135.2512053,Arima Onsen Retreat
Kobe Harborland,"November 17, 2025",Day 4,Afternoon (14:00-17:00),"Henry, Nanako",Osaka,"Capture mosaic lights, ride the Ferris wheel if energy allows, and share harbourfront desserts. JR to Kobe Station plus 5min walk.",4.2,Attractions,https://www.harborland.co.jp/,https://maps.google.com/?cid=12749193704110128037,Monday,34.6800711,135.1835143,Kobe Harbor Nights
Café & Meal MUJI,"November 18, 2025",Day 5,Morning (08:00-11:00),"Henry, Nanako",Osaka,"Healthy tray lunch of seasonal deli picks, miso soup, and yuzu soda to keep energy up mid-workday.",3.9,Food,https://store.tsite.jp/hirakata/,https://maps.google.com/?cid=17127482803001824153,Tuesday,34.8158936,135.6497036,Hirakata Local Day
Gokurakuyu Hirakata,"November 18, 2025",Day 5,Morning (08:00-11:00),"Henry, Nanako",Osaka,Reward the workday with rotenburo and carbonated baths at the local sentō/spa complex. Taxi from station ~¥700.,3.8,Attractions,https://www.gokurakuyu.com/hirakata/hirakata.html,https://maps.google.com/?cid=7875082954910224352,Tuesday,34.8472568,135.693945,Hirakata Wellness Break
Kushikatsu Tanaka,"November 18, 2025",Day 5,Midday (11:00-14:00),"Henry, Nanako",Osaka,"Late-night skewers, DIY sauce, and highball towers steps from Nana's station—casual, comforting, delicious.",4.5,"Food, Needs Booking",https://kushi-tanaka.com/restaurant/detail/hirakata-mall?utm_source=google&utm_medium=maps&utm_campaign=gmb,https://maps.google.com/?cid=12975794440701677436,Tuesday,34.8170855,135.6504186,Hirakata Local Day
Kiyomizu-dera,"November 19, 2025",Day 6,Early Morning (05:00-08:00),"Henry, Nanako",Kyoto,Beat the crowds to watch sunlight spill over Kyoto from the wooden stage while bells echo. Gates open 6:00 AM - arrive early to beat crowds.,4.5,Attractions,https://www.kiyomizudera.or.jp/,https://maps.google.com/?cid=7111013964196361402,Wednesday,34.9946662,135.784661,Kyoto Higashiyama Morning
Sannenzaka & Ninenzaka,"November 19, 2025",Day 6,Morning (08:00-11:00),"Henry, Nanako",Kyoto,Browse early-opening ceramics and craft shops before day-trippers flood the slopes. Start at Kiyomizu exit.,4.4,Shopping,,https://maps.google.com/?cid=11767990651930696711,Wednesday,34.9966644,135.781008,Kyoto Higashiyama Morning
Nishiki Market,"November 19, 2025",Day 6,Morning (08:00-11:00),"Henry, Nanako",Kyoto,"Fresh and preserved foods, duck specialties, Japanese sweets, and pickles. 9AM-6PM.",,Food,,https://maps.app.goo.gl/6tchB7v6v9ii5EK37,Wednesday,35.0028439,135.7601176,Kyoto Downtown Bites
Honke Owariya,"November 19, 2025",Day 6,Morning (08:00-11:00),"Henry, Nanako",Kyoto,Taste Kyoto's oldest soba paired with tempura and seasonal sweets in a 550-year-old merchant house. 10min walk from tea ceremony.,4.3,"Food, Needs Booking",http://honke-owariya.co.jp/,https://maps.google.com/?cid=16359369336265180348,Wednesday,35.0127635,135.7601488,Kyoto Downtown Bites
Kyomachiya Ryokan Sakura Urushitei,"November 19, 2025",Day 6,Midday (11:00-14:00),"Henry, Nanako",Kyoto,"Check into an artisan machiya with hinoki baths, yukata sets, and traditional breakfast service. 12min walk from Karasuma Station.",4.5,"Accommodation, Needs Booking",https://www.kyoto-ryokan-sakura.com/urushi/home_jp/,https://maps.google.com/?cid=3664127484669648848,Wednesday,35.0000557,135.7643635,Kyomachiya Stay
Fushimi Inari Taisha,"November 19, 2025",Day 6,Afternoon (14:00-17:00),"Henry, Nanako",Kyoto,"Trace thousands of vermilion torii up sacred mountain, pausing at Yotsutsuji for Kyoto panorama as lanterns begin to glow. JR Nara Line to Inari.",4.6,Attractions,https://inari.jp/,https://maps.google.com/?cid=8870624639634301673,Wednesday,34.9676945,135.7791876,Fushimi Sunset Gates
Gekkeikan Okura Sake Museum,"November 19, 2025",Day 6,Afternoon (14:00-17:00),"Henry, Nanako",Kyoto,"Sample aged sake in the heart of Fushimi, blending history with guided tasting notes perfect for gifting. Walk 12 minutes from Inari to Chushojima area.",4.2,Food,https://www.gekkeikan.co.jp/enjoy/museum/,https://maps.google.com/?cid=9137465178982848979,Wednesday,34.929136,135.76161,Fushimi Sake Cellar
Hanamikoji Street,"November 19, 2025",Day 6,Evening (17:00-20:00),"Henry, Nanako",Kyoto,Evening walk through Gion's lantern-lit lanes hoping for a glimpse of maiko en route to engagements. 10min walk from ryokan.,,Attractions,,https://maps.google.com/?cid=17005749363295018432,Wednesday,35.0054928,135.7752402,Pontocho Alley
Kyoto Yakiniku Hiro,"November 19, 2025",Day 6,Evening (17:00-20:00),"Henry, Nanako",Kyoto,5–11 PM. Credit cards accepted.,4.2,"Food, Needs Booking",https://www.instagram.com/yakinikuhiro/,https://maps.google.com/?cid=3280333615075260841,Wednesday,35.0043578,135.7704222,Pontocho Alley
Arashiyama Bamboo Forest,"November 20, 2025",Day 7,Early Morning (05:00-08:00),"Henry, Nanako",Kyoto,"Catch the bamboo groves before crowds arrive, capturing misty light beams and atmospheric morning sounds. Famous bamboo grove walkway.",4.4,Attractions,https://ja.kyoto.travel/tourism/single01.php?category_id=8&tourism_id=2683,https://maps.google.com/?cid=18131488233213033693,Thursday,35.0168187,135.6713013,Arashiyama Day Circuit
Tenryu-ji,"November 20, 2025",Day 7,Early Morning (05:00-08:00),"Henry, Nanako",Kyoto,"Explore UNESCO Zen gardens glowing with momiji, and sip matcha overlooking the koi pond. Entrance ¥500 plus ¥300 for garden access.",4.4,"Attractions, Needs Booking",https://www.tenryuji.com/,https://maps.google.com/?cid=14815785984447432896,Thursday,35.0158379,135.6737654,Arashiyama Day Circuit
Arashiyama Yoshimura,"November 20, 2025",Day 7,Morning (08:00-11:00),"Henry, Nanako",Kyoto,Warm up with handmade soba and tempura while overlooking Togetsukyo Bridge from tatami seating. Soba with good view.,4.2,Food,https://yoshimura-gr.com/arashiyama/,https://maps.google.com/?cid=14941654592724285625,Thursday,35.0136474,135.6772645,Arashiyama Day Circuit
Kimono Forest,"November 20, 2025",Day 7,Morning (08:00-11:00),"Henry, Nanako",Kyoto,Wander through 600 illuminated kimono poles - perfect midday photo op before heading south. Free entry beside Randen tram station.,4.2,Attractions,http://www.kyotoarashiyama.jp/about,https://maps.google.com/?cid=14328627673236365801,Thursday,35.0152682,135.6783695,Arashiyama Day Circuit
Kinkaku-ji,"November 20, 2025",Day 7,Morning (08:00-11:00),"Henry, Nanako",Kyoto,Glimpse the shimmering pavilion mirrored in Kyōko-chi pond just as the sun illuminates autumn leaves. Golden Pavilion sunrise reflection!.,4.5,Attractions,https://www.shokoku-ji.jp/kinkakuji/,https://maps.google.com/?cid=1073025677330113631,Thursday,35.03937,135.7292431,Kyoto Zen North
Byōdō-in,"November 20, 2025",Day 7,Midday (11:00-14:00),"Henry, Nanako",Kyoto,"Admire the iconic Phoenix Hall mirrored in the reflecting pond, stepping inside for the gold-leaf interior tour. JR Nara Line to Uji.",4.5,Attractions,https://www.byodoin.or.jp/,https://maps.google.com/?cid=6954706348575164324,Thursday,34.8892908,135.8076783,Uji Tea Pilgrimage
Tsuen Tea,"November 20, 2025",Day 7,Midday (11:00-14:00),"Henry, Nanako",Kyoto,"Sip hand-whisked matcha and gyokuro flight at world's oldest tea shop, learning whisk techniques from tea masters. Book 2 weeks ahead for master tasting ¥2,500pp.",4.3,"Food, Needs Booking",http://www.tsuentea.com/,https://maps.google.com/?cid=2102438674156082753,Thursday,34.89329,135.8072759,Uji Tea Pilgrimage
Nozomi Express,"November 21, 2025",Day 8,Midday (11:00-14:00),"Henry, Nanako",Osaka,Ride Nozomi 20 from Shin-Osaka to Shinagawa with seasonal ekiben lunch and trip journaling. Book via SmartEX: Nozomi 20 from Shin-Osaka.,4,"Needs Booking, Travel",,https://maps.google.com/?cid=4312131637787784911,Friday,34.7334658,135.5002547,Nozomi Northbound
sequence MIYASHITA PARK,"November 21, 2025",Day 8,Midday (11:00-14:00),"Henry, Nanako",Tokyo,Drop bags at the design hotel hugging Miyashita Park—perfect base between Shibuya and Harajuku. Tokyo design hotel arrival!.,3.9,"Accommodation, Needs Booking",https://www.sequencehotels.com/miyashita-park/?utm_source=googlebusinessprofile&utm_medium=google&utm_campaign=maps,https://maps.google.com/?cid=9510849312829855018,Friday,35.6622585,139.7019016,Sequence Miyashita Park
Meiji Jingu,"November 22, 2025",Day 9,Morning (08:00-11:00),"Henry, Nanako, Nicole, Ken, James, Phil",Tokyo,"Walk the forested approach, offer ema, and pick omamori for friends. Enter via Harajuku South Gate.",4.6,Attractions,https://www.meijijingu.or.jp/,https://maps.google.com/?cid=10361244767556222835,Saturday,35.6763976,139.6993259,Meiji Forest Walk
Afuri,"November 22, 2025",Day 9,Morning (08:00-11:00),"Henry, Nanako, Nicole, Ken, James, Phil",Tokyo,Freshen up with light yuzu shio ramen and vegan seasonal bowls before diving into Takeshita chaos. Vending machine ordering.,4.4,Food,https://afuri.com/,https://maps.google.com/?cid=14658399961265590294,Saturday,35.6730053,139.7038019,Meiji Forest Walk
Takeshita Street,"November 22, 2025",Day 9,Midday (11:00-14:00),"Henry, Nanako, Nicole, Ken, James, Phil",Tokyo,"Hop between Laforet pop-ups, 6%DOKIDOKI, and vintage sneaker shops while trying crepes and purikura booths. Book 3 PM purikura slot at NOA Café.",,"Needs Booking, Shopping",,https://maps.google.com/?cid=14032878377351675573,Saturday,35.6710335,139.7051821,Harajuku Street Mix
Cat Street,"November 22, 2025",Day 9,Midday (11:00-14:00),"Henry, Nanako, Nicole, Ken, James, Phil",Tokyo,"Stroll Cat Street boutiques for indie fashion, vintage denim, and café pop-ups. Walk toward Omotesando.",,Shopping,,https://maps.google.com/?cid=5056390973891085264,Saturday,35.6670292,139.7063518,Harajuku Street Mix
Shibuya Crossing,"November 22, 2025",Day 9,Afternoon (14:00-17:00),"Henry, James, Ken, Nanako, Nicole, Phil",Tokyo,"Experience world's busiest intersection with all friends - capture iconic Tokyo moment from multiple angles. Try multiple angles: street level, Magnet rooftop (¥600), Starbucks overlook.",4.5,Attractions,,https://maps.google.com/?cid=2370410330085837161,Saturday,35.659482,139.7005596,
Shibuya Sky,"November 22, 2025",Day 9,Afternoon (14:00-17:00),"Henry, James, Ken, Nicole, Phil",Tokyo,Meet James for panoramic city views as the scramble lights up below - capture drone-like shots from helipad deck. Book 2 months ahead.,4.6,"Attractions, Needs Booking",https://www.shibuya-scramble-square.com/sky/,https://maps.google.com/?cid=8067212359343678579,Saturday,35.6586719,139.7019848,
Gonpachi Shibuya,"November 22, 2025",Day 9,Evening (17:00-20:00),"Henry, Nanako, Nicole, Ken, James, Phil",Tokyo,"Izakaya feast with yakitori, sushi rolls, and sake flights inspired by Kill Bill vibes to cap the day. Book private tatami room for 6 people.",4.1,"Food, Needs Booking",https://gonpachi.jp/shibuya/,https://maps.google.com/?cid=5535728105966142773,Saturday,35.6574935,139.6955514,Shibuya Night Circuit
Karaoke Kan Shibuya,"November 22, 2025",Day 9,Evening (17:00-20:00),"Henry, Nanako, Nicole, Ken, James, Phil",Tokyo,"Sing through anime themes, K-pop, and nostalgic hits with drink package and custom cake delivery. Reserve party room with neon lighting.",3.5,"Needs Booking, Other",https://karaokekan.jp/shop/detail/30,https://maps.google.com/?cid=7596898140513591090,Saturday,35.6608934,139.6981704,Shibuya Night Circuit
Toyosu Market,"November 23, 2025",Day 10,Early Morning (05:00-08:00),"Henry, Nanako, Nicole, Ken",Tokyo,Queue early for Daiwa Sushi omakase and check rooftop gardens overlooking the bay. Arrive at 7 AM for counter seats.,4.4,"Food, Needs Booking",https://www.instagram.com/daiwazushi/,https://maps.google.com/?cid=7225947371004553622,Sunday,35.6447877,139.7860322,Toyosu Morning & teamLab
teamLab Planets,"November 23, 2025",Day 10,Morning (08:00-11:00),"Henry, Nanako, Nicole, Ken",Tokyo,"Barefoot, multi-sensory art spaces with mirrored water rooms - perfect for collaborative photos. Book 9 AM slot (¥3,800pp).",4.5,"Attractions, Needs Booking",https://www.teamlab.art/jp/e/planets/,https://maps.google.com/?cid=7918542870314997282,Sunday,35.6491207,139.7897739,Toyosu Morning & teamLab
Pokémon Café,"November 23, 2025",Day 10,Midday (11:00-14:00),"Henry, Nanako, Nicole, Ken",Tokyo,"Adorable character plates, latte art, and special edition merch with tableside Pikachu show. Book exactly 31 days ahead at 6 PM JST.",4.2,"Food, Needs Booking",https://www.pokemon-cafe.jp/ja/cafe/,https://maps.google.com/?cid=4725603843889793061,Sunday,35.6806385,139.7744332,Pokémon Cafe
Odaiba Seaside Park,"November 23, 2025",Day 10,Midday (11:00-14:00),"Henry, Nanako, Nicole, Ken",Tokyo,"Stroll the waterfront, shop DiverCity, and ride the Daikanransha Ferris wheel at sunset. Waterfront stroll plus Ferris wheel at sunset.",4.3,Attractions,http://www.senyo.co.jp/kasai/,https://maps.google.com/?cid=4053145678689472710,Sunday,35.6438992,139.8571982,Odaiba Seaside
MIMARU Tokyo Shinjuku WEST,"November 23, 2025",Day 10,Afternoon (14:00-17:00),"Henry, Nanako, Nicole, Ken",Tokyo,"Apartment-style suite with tatami bunk beds, kitchen for snacks, and board games for a nostalgic sleepover. Request Pokemon room if available.",4.7,Accommodation,https://mimaruhotels.com/ja/hotel/shinjuku-west/?utm_source=google&utm_medium=map&utm_campaign=shinjuku,https://maps.google.com/?cid=15607418906888136225,Sunday,35.6860556,139.6929722,MIMARU Tokyo Base
Ichiran Ramen,"November 23, 2025",Day 10,Evening (17:00-20:00),"James, Ken, Nanako, Nicole, Phil",Tokyo,Post-party ramen fix with custom spice levels and solo booths. Tonkotsu ramen chain.,4.4,Food,https://ichiran.com/shop/tokyo/shibuya/,https://maps.google.com/?cid=1092125928485198446,Sunday,35.6611185,139.7009846,
Tokyo DisneySea,"November 24, 2025",Day 11,Early Morning (05:00-08:00),"Henry, Nanako, Nicole, Ken",Tokyo,"Soar on Soaring, dive into Journey to the Center, and catch the evening Harbor of Dreams show with Christmas overlays. Book 1-day passport (¥10,900pp) plus Premier Access.",4.6,"Attractions, Needs Booking",https://www.tokyodisneyresort.jp/tds/,https://maps.google.com/?cid=4703760703938833701,Monday,35.6267108,139.8850779,Tokyo DisneySea Day
Senso-ji,"November 25, 2025",Day 12,Early Morning (05:00-08:00),"Henry, Nanako",Tokyo,"Offer incense at Senso-ji before crowds, capture Nakamise empty, and draw omikuji. Take first Ginza Line train from Shibuya.",4.5,Attractions,https://www.senso-ji.jp/,https://maps.google.com/?cid=7785923974874169613,Tuesday,35.7147651,139.7966553,Asakusa Sunrise
Asakusaimahan,"November 25, 2025",Day 12,Early Morning (05:00-08:00),"Henry, Nanako",Tokyo,Indulge in wagyu sukiyaki as farewell treat before hopping south. Book private room.,4,"Food, Needs Booking",https://imahan-honten.co.jp/,https://maps.google.com/?cid=13909133467795774038,Tuesday,35.711713,139.796742,Asakusa Sunrise
Tokyo Skytree,"November 25, 2025",Day 12,Morning (08:00-11:00),"Henry, Nanako",Tokyo,Take in panoramic views and plan future adventures from the 350m deck. Book 8 AM entry online.,4.4,"Attractions, Needs Booking",https://www.tokyo-skytree.jp/,https://maps.google.com/?cid=9015449659807889194,Tuesday,35.7100627,139.8107004,Tokyo Skytree Deck
Tokyo Character Street,"November 25, 2025",Day 12,Midday (11:00-14:00),"Henry, Nanako",Tokyo,Grab limited NHK and Ghibli merch along the station basement arcade. Tokyo Station basement character shops.,4.2,Shopping,https://e-shop.tokyoeki-1bangai.co.jp/,https://maps.google.com/?cid=1169765817995755207,Tuesday,35.6816079,139.7683381,Tokyo Character Street
Nozomi Express,"November 25, 2025",Day 12,Afternoon (14:00-17:00),"Henry, Nanako",Tokyo,Board Nozomi 273 back to Shin-Osaka with Tokyo Station bento feast and birthday countdown playlist planning. Depart Tokyo Station (arrive 22:13).,4.3,"Needs Booking, Travel",https://www.tokyoinfo.com/,https://maps.google.com/?cid=11114180190203192,Tuesday,35.6812996,139.7670658,Tokyo Character Street
Tōdai-ji,"November 26, 2025",Day 13,Early Morning (05:00-08:00),"Henry, Nanako",Kyoto,Stand beneath the 15-meter bronze Buddha and enjoy morning chanting in the ancient hall. Great Buddha of Nara.,4.6,Attractions,https://www.todaiji.or.jp/,https://maps.google.com/?cid=17911005107283377295,Wednesday,34.6889851,135.8398158,Nara Deer Route
Nara Park,"November 26, 2025",Day 13,Morning (08:00-11:00),"Henry, Nanako",Kyoto,Stroll tree-lined paths feeding polite deer and capturing playful bows. Deer crackers ¥200.,4.5,Attractions,https://www3.pref.nara.jp/park/,https://maps.google.com/?cid=17972930374069941334,Wednesday,34.685047,135.843012,Nara Deer Route
Nakatanidou,"November 26, 2025",Day 13,Midday (11:00-14:00),"Henry, Nanako",Kyoto,Catch the famous high-speed mochi pounding show and snack on warm yomogi mochi dusted in kinako.,4.3,Food,http://www.nakatanidou.jp/,https://maps.google.com/?cid=14561917136571056776,Wednesday,34.681943,135.8288995,Nakatanidou Mochi
Kuromon Market,"November 26, 2025",Day 13,Midday (11:00-14:00),"Henry, Nanako",Osaka,"Grazing lunch of toro nigiri, charcoal-grilled scallops, and strawberry daifuku while chatting with fishmongers. Cash for stalls.",4.1,Food,https://kuromon.com/jp/,https://maps.google.com/?cid=12402117845945925953,Wednesday,34.6653529,135.5062406,Kuromon Market Crawl
Osaka Aquarium Kaiyukan,"November 26, 2025",Day 13,Midday (11:00-14:00),"Henry, Nanako",Osaka,"Marvel at whale sharks, jellyfish galaxy, and penguin habitats during evening lights. Book 4 PM tickets online.",4.4,"Attractions, Needs Booking",https://www.kaiyukan.com/,https://maps.google.com/?cid=8035482904308493516,Wednesday,34.6545182,135.4289645,Kaiyukan Twilight Wander
Tempozan Marketplace,"November 26, 2025",Day 13,Afternoon (14:00-17:00),"Henry, Nanako",Osaka,"Share kushikatsu, takoyaki, and dessert crepes beside the harbour lights. 3min walk from aquarium.",3.9,Food,http://www.kaiyukan.com/thv/marketplace/,https://maps.google.com/?cid=7500308137477506974,Wednesday,34.6558539,135.430205,Kaiyukan Twilight Wander
Namba to Koyasan,"November 27, 2025",Day 14,Morning (08:00-11:00),"Henry, Nanako",Osaka,Take the Nankai Limited Express to Gokurakubashi then cable car into the sacred mountain. Book Koya Limited Express seats via Nankai app 30 days ahead.,4.2,"Needs Booking, Travel",http://www.nankai.co.jp/,https://maps.google.com/?cid=6827252724861153154,Thursday,34.2277131,135.5774856,Koyasan Ropeway Ascent
Kongobu-ji,"November 27, 2025",Day 14,Morning (08:00-11:00),"Henry, Nanako",Osaka,Admire fusuma paintings and Banryutei rock garden at the head temple of Shingon Buddhism. 5min taxi from Koyasan Station.,4.5,Attractions,http://www.koyasan.or.jp/,https://maps.google.com/?cid=3067988105565081029,Thursday,34.214028,135.5840943,Koyasan Temple Tour
Eko-in Temple,"November 27, 2025",Day 14,Midday (11:00-14:00),"Henry, Nanako",Osaka,"Settle into tatami room, join evening meditation, and savour plant-based kaiseki dinner. Book Eko-in with private bathroom.",4.5,"Accommodation, Needs Booking",http://www.ekoin.jp/,https://maps.google.com/?cid=17557195955039242223,Thursday,34.2123167,135.5938011,Eko-in Temple Stay
Okunoin,"November 27, 2025",Day 14,Afternoon (14:00-17:00),"Henry, Nanako",Osaka,"Join guided torchlit stroll through Okunoin cemetery to Torodo Hall under 10,000 lanterns. Meet at Eko-in lobby.",4.8,Attractions,http://www.koyasan.or.jp/meguru/sights.html,https://maps.google.com/?cid=15489946718694438945,Thursday,34.2176933,135.6050531,Okunoin Night Walk
W Osaka,"November 28, 2025",Day 15,Midday (11:00-14:00),"Henry, Nanako, Nicole, Ken, Phil",Osaka,"Secure a Marvelous Suite for party-ready lighting, stash decorations, and arrange welcome amenities. Check in early via Bonvoy chat.",4.2,Accommodation,https://www.marriott.com/en-us/hotels/osaow-w-osaka/overview/?scid=f2ae0541-1279-4f24-b197-a979c79310b0,https://maps.google.com/?cid=2705746213831136029,Friday,34.6778348,135.5000826,W Osaka Birthday Core
Afternoon Glam & Restock,"November 28, 2025",Day 15,Afternoon (14:00-17:00),"Henry, Nanako, Nicole, Ken, Phil",Osaka,"Set up décor, finalise playlist, and grab last-minute sweets at Daimaru. Divide tasks: Nana handles balloons, Henry prep tech, friends collect cake.",4.1,Shopping,https://www.daimaru.co.jp/shinsaibashi/?utm_source=google_map&utm_medium=social&utm_campaign=info&utm_content=01,https://maps.google.com/?cid=12525137505886472735,Friday,34.6732406,135.5009613,Afternoon Glam & Restock
MYDO Teppanyaki,"November 28, 2025",Day 15,Afternoon (14:00-17:00),"Henry, Nanako, Nicole, Ken, Phil",Osaka,"Table-side wagyu, flambéed seafood, and custom dessert with dual birthday shout-outs for you and Ken. Private teppan counter inside W Osaka.",4.3,"Food, Needs Booking",https://mydo.wosaka.com/,https://maps.google.com/?cid=4258381221987283802,Friday,34.6776398,135.4998937,MYDO Teppanyaki Feast
Karaoke Kan Shinsaibashi,"November 28, 2025",Day 15,Evening (17:00-20:00),"Henry, Nanako, Nicole, Ken, Phil",Osaka,"Private neon room with unlimited drinks, photobooth props, and birthday slideshow during choruses. Book VIP room with open bar via Jalan Net.",3.6,"Needs Booking, Other",https://karaokekan.jp/shop/detail/182,https://maps.google.com/?cid=2046130830251139311,Friday,34.6678073,135.5014099,Karaoke Kan Shinsaibashi
Bar Nayuta,"November 28, 2025",Day 15,Night (20:00-23:00),"Henry, Nanako, Nicole, Ken, Phil",Osaka,Rooftop mixology featuring yuzu gin fizzes and dessert cocktails overlooking Osaka Castle lights. Book 11:45 PM slot.,4.7,"Food, Needs Booking",http://bar-nayuta.com/,https://maps.google.com/?cid=8702241179377055165,Friday,34.672034,135.498379,Bar Nayuta Rooftop
Philosopher's Path,"November 29, 2025",Day 16,Morning (08:00-11:00),"Henry, Nanako, Nicole, Ken",Kyoto,"Leisurely walk along the canal beneath amber leaves, stopping for craft boutiques and gelato. Start near Eikan-dō and head north.",4.6,Attractions,,https://maps.google.com/?cid=13093296689021343783,Saturday,35.0214532,135.7942948,Philosopher's Path
Eikan-dō Zenrin-ji,"November 29, 2025",Day 16,Morning (08:00-11:00),"Henry, Nanako, Nicole, Ken",Kyoto,Marvel at fiery maple reflections in the Hojo Pond and climb the Tahoto pagoda for sweeping views. Keihan from Yodoyabashi to Jingū-Marutamachi then taxi.,4.6,"Attractions, Needs Booking",http://www.eikando.or.jp/,https://maps.google.com/?cid=2060121541776026964,Saturday,35.0148543,135.7941588,Okutan Nanzenji Lunch
Okutan Nanzenji,"November 29, 2025",Day 16,Midday (11:00-14:00),"Henry, Nanako, Nicole, Ken",Kyoto,Traditional tofu kaiseki in a tatami room overlooking a moss garden—warming and serene. Reserve tatami room.,4.1,"Food, Needs Booking",,https://maps.google.com/?cid=737529368844235860,Saturday,35.0122585,135.7930363,Okutan Nanzenji Lunch
Tōfuku-ji,"November 29, 2025",Day 16,Midday (11:00-14:00),"Henry, Nanako, Nicole, Ken",Kyoto,Stroll across Tsutenkyo Bridge for jaw-dropping maple valley views and temple gardens. Keihan to Tofukuji Station.,4.5,Attractions,https://tofukuji.jp/,https://maps.google.com/?cid=7117677159742707137,Saturday,34.976025,135.7737627,Tōfuku-ji Canopies
Ryōan-ji,"November 29, 2025",Day 16,Afternoon (14:00-17:00),"Henry, Nanako, Nicole, Ken",Kyoto,Contemplate the famed 15-stone karesansui garden in a serene morning setting. Iconic 15-stone karesansui rock garden contemplation!.,4.5,Attractions,http://www.ryoanji.jp/,https://maps.google.com/?cid=16261116435795248450,Saturday,35.0344943,135.7182634,Kyoto Zen Gardens
Takamura Wine & Coffee,"November 30, 2025",Day 17,Morning (08:00-11:00),"Henry, Nanako",Osaka,Celebrate the journey with artisanal coffee cupping and light brunch in a lofted roastery. Taxi from W Osaka.,4.4,"Food, Needs Booking",http://takamuranet.com/,https://maps.google.com/?cid=18436798584987103295,Sunday,34.687283,135.491105,Takamura Farewell Brunch
Rinku Premium Outlets,"November 30, 2025",Day 17,Morning (08:00-11:00),"Henry, Nanako",Osaka,"Outlet hop for last-minute gifts—Onitsuka Tiger, Coach, Nintendo Tokyo satellite—and sunset pier views. JR rapid or Nankai to Rinku-Town.",4.1,Shopping,https://www.premiumoutlets.co.jp/rinku/,https://maps.google.com/?cid=14141131390446530690,Sunday,34.4064643,135.2954403,Rinku Premium Outlets
Kansai International Airport 23:10 KIX → DXB (EK317),"November 30, 2025",Day 17,Midday (11:00-14:00),"Henry, Nanako",Osaka,"Check in early, enjoy KIX Lounge showers, and savour final takoyaki before overnight flight home. Hotel limo or Nankai Rapi:t to KIX.",,Travel,,https://maps.google.com/?cid=12104414214768042484,Sunday,34.4348282,135.2446195,KIX Departure
& COFFEE MAISON,,,,,Osaka,Refuel with soufflé pancakes and seasonal fruit sodas before heading north. Flex stop if energy allows.,3.8,Food,https://maisonkitsune.com/jp/,https://maps.google.com/?cid=17824513151163237395,,34.6695823,135.494509,
(THISIS)SHIZEN,,,,,Kyoto,Flower ice cream. Flex stop if energy allows.,,Food,,https://maps.app.goo.gl/Ry1t55vCt2jSfyft6,,35.0093167,135.7599616,
2D Cafe,,,,,Tokyo,2D and 3D cafe drinks with unique visual dining experience. Flex stop if energy allows.,,Food,,https://maps.app.goo.gl/Tf4YsQZ7iPmGxSih7,,35.700156,139.6981312,
Abura Soba Kirinji,,,,,Osaka,Abura soba noodles. Flex stop if energy allows.,,Food,http://suzume-group.co.jp/,https://maps.app.goo.gl/64tow3dcfc9DXiPR6,,35.035602,135.7320227,
Animate Ikebukuro,,,,,Tokyo,"Hunt anime figures, BL merch, and limited drops across eight floors. Flex stop if energy allows.",4.2,Shopping,https://www.animate.co.jp/shop/ikebukuro/,https://maps.google.com/?cid=5782044568649909786,,35.7311443,139.7154592,
Arashiyama Itsukichaya,,,,,Kyoto,Traditional Arashiyama dining. Flex stop if energy allows.,,"Food, Needs Booking",https://www.tablecheck.com/en/shops/itsukichaya/reserve,https://maps.app.goo.gl/WwHyr5rySc9QFQu29,,35.014681,135.677185,
Arashiyama Miffy Sakura Kitchen,,,,,Kyoto,Miffy cafe. Flex stop if energy allows.,,Food,,https://maps.app.goo.gl/WwHyr5rySc9QFQu29,,35.014681,135.677185,
Arashiyama Rilakkuma Tea House,,,,,Kyoto,Rilakkuma themed tea house/cafe. Flex stop if energy allows.,,Food,,https://maps.app.goo.gl/WwHyr5rySc9QFQu29,,35.014681,135.677185,
Bakery Bank,,,,,Tokyo,Curry bun plus cafe. Flex stop if energy allows.,,Food,,https://maps.app.goo.gl/dyyw97AUPUUvf6wc8,,35.6817734,139.7790414,
Bear Paw Cafe,,,,,Osaka,Swing by the kindness-powered Bear Paw Cafe for latte art and relaxing vibes. Flex stop if energy allows.,4.5,Food,https://www.kumanote-cafe.com/,https://maps.google.com/?cid=16452992468120160436,,34.6665779,135.5186423,
Brooklyn Roasting Company,,,,,Osaka,Fuel up riverside with Kyoto-sourced beans and plan the day over almond croissants in the airy loft. Flex stop if energy allows.,4.4,Food,http://brooklynroasting.jp/,https://maps.google.com/?cid=3143396422888168986,,34.6910465,135.5091563,
CAFE ANNON,,,,,Osaka,Fluffy pancakes and parfaits. Flex stop if energy allows.,,Food,https://cafe-annon.com/,"https://www.google.com/maps?q=34.6642496,135.5041215",,34.6642496,135.5041215,
CAFE REISSUE,,,,,Tokyo,2-D and 3-D cafe drinks. Flex stop if energy allows.,,Food,,https://maps.app.goo.gl/8CERea4nJRV7FuAy5,,35.6711806,139.7030874,
Camellia Tea Ceremony,,,,,Kyoto,"Hands-on tea ceremony in a hidden garden near Ninenzaka, blending cultural insight with meditative calm. Flex stop if energy allows.",4.9,"Attractions, Needs Booking",http://www.tea-kyoto.com/,https://maps.google.com/?cid=9161111180576021376,,35.0316667,135.7194474,
Cinnamoroll Cafe,,,,,Tokyo,Pastel latte art and themed plates inside the Cinnamoroll dreamscape. Flex stop if energy allows.,3.9,"Food, Needs Booking",http://www.cinnamorollcafe.com/shinjuku/,https://maps.google.com/?cid=12163419718774346138,,35.6900361,139.7057351,
Cup Noodles Museum,,,,,Osaka,Customize your own Cup Noodles. Flex stop if energy allows.,,Attractions,https://www.cupnoodles-museum.jp/en/osaka_ikeda/,"https://www.google.com/maps?q=34.8178846,135.4266442",,34.8178846,135.4266442,
Daikanyama T-Site,,,,,Tokyo,Sip slow-drip coffee among Tsutaya's curated stacks and vinyl corner. Flex stop if energy allows.,4.3,Food,https://store.tsite.jp/daikanyama/,https://maps.google.com/?cid=16984859993834332588,,35.649059,139.6996224,
Disney Hotel,,,,,Tokyo,Afternoon tea at Hyperion Lounge to recharge mid-park with seasonal desserts and photo ops. Flex stop if energy allows.,4.5,"Food, Needs Booking",https://www.tokyodisneyresort.jp/hotel/dah/,https://maps.google.com/?cid=6044710685353048397,,35.6332807,139.8877219,
Don Quijote,,,,,Osaka,"Stock up on J-beauty, sheet masks, and quirky gadgets late-night. Flex stop if energy allows.",3.7,Shopping,https://www.donki.com/store/shop_detail.php?shop_id=110,https://maps.google.com/?cid=16446419638008461065,,34.6686471,135.5030983,
Donguri Republic,,,,,Osaka,Pop into the Ghibli flagship for Totoro-themed homeware and party décor inspiration. Flex stop if energy allows.,4.5,Shopping,https://benelic.com/donguri/,https://maps.google.com/?cid=3140939674230622171,,34.6738473,135.5009574,
GU,,,,,Tokyo,Uniqlo sister brand for budget fashion. Flex stop if energy allows.,,Shopping,%,https://maps.app.goo.gl/qcq8trbzPDm9MDgv5,,35.6709105,139.7642385,
Genshin Impact Official Shop,,,,,Tokyo,Snag exclusive character drops and photo spots for Shin's fandom. Flex stop if energy allows.,4.3,Shopping,https://shibuya.parco.jp/?utm_source=mybusiness,https://maps.google.com/?cid=1935335699422656795,,35.6620484,139.6987767,
GiGO Shibuya,,,,,Tokyo,"Compete in rhythm games, claw machines, and photobooths. Flex stop if energy allows.",3,Attractions,https://tempo.gendagigo.jp/am/shibuya?utm_campaign=mov&utm_medium=GBP&utm_source=website-button,https://maps.google.com/?cid=13397189295327937443,,35.6608262,139.6984395,
Gion Komori,,,,,Kyoto,"11 AM–6:30 PM, close on Mon. Flex stop if energy allows.",,Food,,https://maps.app.goo.gl/FsdmZ3UZ8UqwQTh87,,35.0058466,135.7720323,
Godaime Hanayama Udon,,,,,Tokyo,Handmade udon in Nihonbashi. Flex stop if energy allows.,,Food,,https://maps.app.goo.gl/GHQkZZ8MD8uMEF2M9?g_st=com.google.maps.preview.copy,,35.6811441,139.7746528,
Gyukatsu Motomura,,,,,Osaka,Credit cards accepted. Flex stop if energy allows.,,Food,,https://maps.app.goo.gl/gXYVh9nwxNe25nZV8,,34.6671038,135.4997874,
HEP FIVE Ferris Wheel,,,,,Osaka,Red Ferris wheel in Umeda offering crimson gondola views sweeping over Osaka before dusk. Flex stop if energy allows.,4.4,Attractions,https://www.hepfive.jp/ferriswheel,https://maps.google.com/?cid=12356348084046776944,,34.7038153,135.499969,
Heian Shrine,,,,,Kyoto,"Classic Shinto shrine and landscaped gardens created in 1895 for the city's 1,100th birthday. Flex stop if energy allows.",,Attractions,434,"https://www.google.com/maps?q=35.0160683,135.7828961",,35.0160683,135.7828961,
Hello Donuts,,,,,Tokyo,11 AM-10 PM. Flex stop if energy allows.,,Food,,https://maps.app.goo.gl/xWsrrZMutDihb5PHA,,35.7019843,139.6987138,
Hirakata Park,,,,,Osaka,"Celebrate end of workweek with gentle coasters, Ferris wheel selfies, and warm crepes in the vintage amusement park. Flex stop if energy allows.",4.3,Attractions,http://www.hirakatapark.co.jp/,https://maps.google.com/?cid=6647979896880488689,,34.8059896,135.6392002,
Human Beings Everybody Noodles,,,,,Osaka,Slurp creative ramen bowls in the indie Nakazakicho district after skyline views. Flex stop if energy allows.,4.2,Food,http://www.jinrui-minamenrui.com/,https://maps.google.com/?cid=6418836266917594457,,34.7255026,135.499257,
Ikeda-ya TeaStore,,,,,Tokyo,Matcha store Flex stop if energy allows.,,Shopping,,https://maps.app.goo.gl/3pMhNcpUxz6C2Pwv8?g_st=com.google.maps.preview.copy,,35.6904103,139.6987575,
Imperial Palace East Gardens,,,,,Tokyo,Peaceful gardens with Edo Castle ruins—great midweek breather. Flex stop if energy allows.,4.4,Attractions,https://www.kunaicho.go.jp/event/higashigyoen/higashigyoen.html,https://maps.google.com/?cid=11752987696406660089,,35.6867824,139.7571445,
Ippuku & Matcha,,,,,Tokyo,Matcha specialist. Flex stop if energy allows.,,Food,,https://maps.app.goo.gl/33Lvxjy27cceAWL36,,35.6873841,139.7729532,
Kaikaya by the Sea,,,,,Tokyo,Celebrate reunion with creative seafood izakaya plates and sake flights. Flex stop if energy allows.,4.4,"Food, Needs Booking",http://www.kaikaya.com/,https://maps.google.com/?cid=11972321199625134092,,35.6567297,139.6941763,
Katsudon Chiyomatsu,,,,,Osaka,Katsudon specialist. Flex stop if energy allows.,,Food,,"https://www.google.com/maps?q=34.6682661,135.5052931",,34.6682661,135.5052931,
Kura Sushi,,,,,Osaka,Conveyor belt affordable sushi. Flex stop if energy allows.,,Food,,https://maps.app.goo.gl/aqK3yHwazhjJJA8d7,,34.6581754,135.4158192,
Kuzuha Mall,,,,,Osaka,"Final stop for Heattech, birthday décor, and Shinkansen snacks. Flex stop if energy allows.",3.9,Shopping,http://kuzuha-mall.com/,https://maps.google.com/?cid=18201673667111364488,,34.8615018,135.6773988,
Kyoto Station Sky Garden,,,,,Kyoto,Catch futuristic architecture and secret rooftop garden before boarding the train south. Flex stop if energy allows.,,Attractions,https://www.jr-odekake.net/eki/top.php?id=0610116,https://maps.google.com/?cid=13121875705491233800,,34.985849,135.7587667,
Kyushu Ramen Kio,,,,,Osaka,Tonkotsu ramen in Dotonbori. Flex stop if energy allows.,,Food,,https://maps.app.goo.gl/otFbvA3fmo6U9b6w5,,34.6686328,135.4170372,
Kōdai-ji,,,,,Kyoto,Nighttime light-up across Zen gardens and bamboo grove with mirror pond projections. Flex stop if energy allows.,4.4,Attractions,https://www.kodaiji.com/,https://maps.google.com/?cid=2616919559259342976,,35.0007687,135.7812718,
LOFT,,,,,Tokyo,"Leading Japanese household goods specialty store stocking stationery, watches and accessories, health products, homewares and variety goods. Flex stop if energy allows.",,Shopping,,https://maps.app.goo.gl/CSgsNNXLZ1Pocu7p6,,35.6949274,139.6922051,
MACCHA HOUSE Kyoto Kawaramachi,,,,,Kyoto,Velvety matcha tiramisu and parfaits for sweet tooth afternoons. Flex stop if energy allows.,3.8,Food,https://maccha-house.com/1174/,https://maps.google.com/?cid=12523229912634102181,,35.0045161,135.7694782,
Maidreamin Akihabara,,,,,Tokyo,Ultimate kawaii culture! Flex stop if energy allows.,4.9,"Food, Needs Booking",https://maidreamin.com/shop/detail.html?id=1,https://maps.google.com/?cid=4445699925429292090,,35.7020083,139.7712982,
Masahiko Ozumi Paris,,,,,Osaka,Crochet donuts ¥950. Flex stop if energy allows.,,Food,,https://maps.app.goo.gl/n3MDNG46Y5rBpkeH8,,34.6695506,135.5088864,
NAMU CAFE,,,,,Tokyo,11 AM-8 PM. Flex stop if energy allows.,,Food,,https://maps.app.goo.gl/wa9jngMNK3XtENid9,,35.6696289,139.705897,
NHK Studio Park,,,,James,Tokyo,Explore broadcasting exhibits and pick NHK gifts for Bayliss. Flex stop if energy allows.,4.1,Shopping,,https://maps.google.com/?cid=8332823349771083842,,35.6583582,139.7021708,
Nakameguro,,,,,Tokyo,"Wander along the Meguro River lights, stopping for gelato and boutique shopping. Flex stop if energy allows.",3.9,Attractions,http://www.city.meguro.tokyo.jp/shisetsu/shisetsu/koen/funairiba.html,https://maps.google.com/?cid=10070035784612226703,,35.6417281,139.7019912,
Namba Yasaka Jinja,,,,,Osaka,Snap surreal shots in front of the iconic lion-head stage and leave ema wishes for the journey. Flex stop if energy allows.,4.4,Attractions,https://nambayasaka.jp/,https://maps.google.com/?cid=9278387310004857503,,34.6615592,135.4967039,
Nozomi Express,"November 25, 2025",,Midday (11:00-14:00),,Tokyo,Return to Shin-Osaka with matcha sweets and digital journaling of Tokyo memories. Flex stop if energy allows.,4.3,"Needs Booking, Travel",https://www.tokyoinfo.com/,https://maps.google.com/?cid=11114180190203192,Tuesday,35.6812996,139.7670658,
OMO7 Osaka,,,,,Osaka,"Shift to a design-forward stay with tatami lounges, onsen-style baths, and Osaka-focused concierge tours. Flex stop if energy allows.",4.2,Accommodation,https://hoshinoresorts.com/ja/hotels/omo7osaka/?utm_source=google&utm_medium=mybusiness,https://maps.google.com/?cid=10904178204825139386,,34.6508135,135.5018895,
Osaka Museum of Housing and Living,,,,,Osaka,Wander Edo-period Osaka streets recreated indoors—rent yukata for photos and learn urban history. Flex stop if energy allows.,4.2,"Attractions, Needs Booking",https://www.osaka-angenet.jp/konjyakukan/,https://maps.google.com/?cid=10674462834411964257,,34.71034059999999,135.5113276,
Osaka Station City,,,,,Osaka,Graze through bento stands and craft coffee before an artful afternoon. Flex stop if energy allows.,4.1,Food,https://www.lucua.jp/floormap/b2.html,https://maps.google.com/?cid=3515048889585954420,,34.7029085,135.4950979,
Pontocho Alley,,,,,Kyoto,Lantern-lined riverside alley for intimate izakaya and nighttime photos after the Gion walk. Flex stop if energy allows.,,Attractions,,https://maps.app.goo.gl/4GvFoA1LZAAe12n29,,35.0059797,135.7710884,
Riceball Gori-chan,,,,,Osaka,Onigiri rice balls. Flex stop if energy allows.,,Food,,https://maps.app.goo.gl/TP9Zj5RoiWM7q39d8,,34.6758639,135.4996212,
Shabusen,,,,,Tokyo,All-you-can-eat shabu shabu. Flex stop if energy allows.,,Food,,"https://www.google.com/maps?q=35.6730758,139.7361736",,35.6730758,139.7361736,
Shiba Park,,,,,Tokyo,Park near Tokyo Tower. Flex stop if energy allows.,,Attractions,,"https://www.google.com/maps?q=35.6539456,139.7475341",,35.6539456,139.7475341,
Shibuya 109,,,,,Tokyo,"Browse Shibuya 109, uncover J-fashion collabs, and prep outfits for birthday party. Flex stop if energy allows.",4,Shopping,https://www.shibuya109.jp/,https://maps.google.com/?cid=6170678451487891570,,35.6596004,139.6986799,
Shinpachi Shokudō,,,,,Tokyo,4AM-3AM everyday. Flex stop if energy allows.,,Food,,https://maps.app.goo.gl/teLUUnYkXSWBmkQu7,,35.7120787,139.79756,
Shinsaibashi-Suji Shopping Street,,,,,Osaka,"Blend Shinsaibashi flagship finds with Amerikamura thrift gems - hunt vintage Harajuku vibes, refill skincare at @cosme, and hit Kinji for statement pieces. Flex stop if energy allows.",4.3,Shopping,https://www.shinsaibashi.or.jp/,https://maps.google.com/?cid=7087755665176380195,,34.6710169,135.5013394,
Shinsekai,,,,,Osaka,Trendy retro district with Tsutenkaku Tower. Flex stop if energy allows.,,Attractions,,"https://www.google.com/maps?q=34.6520901,135.5061908",,34.6520901,135.5061908,
Shunsai Imari,,,,,Kyoto,Traditional breakfast sets. Flex stop if energy allows.,,Food,,https://maps.app.goo.gl/Dd53nRtxzDUjhc5L8,,35.0073959,135.7560267,
Soosh Harajuku,,,,,Tokyo,Drop into Soosh for curated streetwear and accessory edits. Flex stop if energy allows.,3.8,Shopping,https://i-bloom-squishy.com/stores/mooosh-squishy-harajuku/,https://maps.google.com/?cid=9447902076108220331,,35.6710117,139.7047837,
Suga Jinja,,,,,Tokyo,Your Name red staircase shrine Flex stop if energy allows.,,Attractions,,https://maps.app.goo.gl/u5czWEeQLwqh6m459,,35.6852894,139.7199034,
Takoume Honten,,,,,Osaka,Oden specialist Flex stop if energy allows.,,Food,,https://maps.app.goo.gl/EYrbKtzwDdPfcm2w8,,34.6688668,135.422882,
Tofu Cuisine Sorano,,,,,Tokyo,All-tofu cuisine in Shibuya. Flex stop if energy allows.,,Food,,https://maps.app.goo.gl/HTD6F3L7egHxHdZs6,Friday,35.6548265,139.7038692,
Togoshiya,,,,,Tokyo,24/7 onigiri shop. Flex stop if energy allows.,,Food,,https://maps.app.goo.gl/DyFfXEkHtWwGUb68A,,35.6579009,139.6967827,
Tokyo Metropolitan Government Building,,,,,Tokyo,9:30 AM - 10:00 PM (entry until 9:30 PM) Flex stop if energy allows.,,Attractions,,https://maps.google.com/?cid=8332823349771083842,,35.6583582,139.7021708,
Tokyo Ramen Yokocho,,,,,Tokyo,Small ramen shops near Tokyo Station Ramen Alley. Flex stop if energy allows.,,Food,,https://maps.app.goo.gl/wTrKvPvZK5LUCspw5,,35.6815502,139.7672564,
Tokyo Tower,,,,,Tokyo,9:00 AM - 10:30 PM Flex stop if energy allows.,,Attractions,578,"https://www.google.com/maps?q=35.6584491,139.745536",,35.6584491,139.745536,
Torame Yokocho,,,,,Osaka,"Graze across Osaka comfort classics—takoyaki, kushikatsu, craft beer—under a retro neon arcade. Flex stop if energy allows.",4,Food,http://www.虎目横丁.com/,https://maps.google.com/?cid=6273016228902860999,,34.6655521,135.5047441,
Udon Maruka,,,,,Tokyo,Saturday: 11 AM–2:30 PM. Flex stop if energy allows.,,Food,,"https://www.google.com/maps?q=35.696698,139.760132",,35.696698,139.760132,
Unagi Kushiyaki Idumo,,,,,Osaka,Unadon (grilled eel rice bowl). Flex stop if energy allows.,,Food,https://tabelog.com/osaka/A2701/A270101/27101583/,"https://www.google.com/maps?q=34.7030603,135.4955727",,34.7030603,135.4955727,
Uniqlo Ginza,,,,,Tokyo,"Biggest Uniqlo, 12 levels, connect to GU, customizable bags and shirts. Flex stop if energy allows.",,Shopping,,https://maps.google.com/?cid=6170678451487891570,,35.6701982,139.7634253,
Unitora Nakadori,,,,,Tokyo,Uni bowls at Tsukiji Outer Market. Flex stop if energy allows.,,Food,,https://maps.app.goo.gl/wvGg2JEwQevcSjJ26,,35.6655477,139.7679146,
Waka Kimono Rental,,,,,Kyoto,Kimono rental near Kiyomizu. Flex stop if energy allows.,,Attractions,https://kyoto-photostudio.com/,https://maps.app.goo.gl/daKsGA2UoBJPbY838,,34.9969553,135.7807934,
teamLab Botanical Garden,,,,,Osaka,Return for alternate route through luminous installations with fresh perspectives. Flex stop if energy allows.,3.9,"Attractions, Needs Booking",https://www.teamlab.art/jp/e/botanicalgarden/,https://maps.google.com/?cid=4949594704093356283,,34.6110004,135.5204213,
