Name,Date,Day,Friends,Group,Notes,Rating,Type,URL,Weekday
CAFE ANNON,,,,Osaka,Fluffy pancakes and parfaits. Credit cards and reservations accepted. Fluffy pancakes. 9AM-8PM,,Food,"Website:
https://cafe-annon.com/

Maps:
437",
Abura Soba Kirinji,"November 29, 2025 12:00 PM (GMT)",Day 16,"Henry, Nanako",Osaka,"Abura soba noodles. 11:30 AM-12 AM. Cash only. Small shop, expect queue",,Food,"Website:
http://suzume-group.co.jp/

Maps:
https://maps.app.goo.gl/64tow3dcfc9DXiPR6",Saturday
Suga Jinja,,,,Tokyo,Your Name red staircase shrine,,Attractions,"Maps:
https://maps.app.goo.gl/u5czWEeQLwqh6m459",
NAMU CAFE,,,,Tokyo,11 AM-8 PM. Credit cards accepted,,Food,"Maps:
https://maps.app.goo.gl/wa9jngMNK3XtENid9",
CAFE REISSUE,,,,Tokyo,"2-D and 3-D cafe drinks. 10 AM-7 PM, Monday closed. Cash only",,Food,"Maps:
https://maps.app.goo.gl/8CERea4nJRV7FuAy5",
Ikeda-ya TeaStore,,,,Tokyo,Matcha store,,Shopping,Maps: https://maps.app.goo.gl/3pMhNcpUxz6C2Pwv8?g_st=com.google.maps.preview.copy,
Togoshiya,,,,Tokyo,24/7 onigiri shop. Credit cards OK. Perfect late-night or early morning fuel,,Food,"Maps:
https://maps.app.goo.gl/DyFfXEkHtWwGUb68A",Friday
Rikuro's,"November 29, 2025 3:00 PM (GMT)",Day 16,"Henry, Nanako",Osaka,Fluffy pancakes. 9AM-8PM,,Food,"Maps:
https://maps.app.goo.gl/9cTCM2ttxx1aBfUv9",Saturday
Bakery Bank,,,,Tokyo,Curry bun plus cafe. 8 AM-6 PM (close on Wed). Credit cards accepted,,Food,"Maps:
https://maps.app.goo.gl/dyyw97AUPUUvf6wc8",
Nishiki Market,"November 20, 2025 10:30 AM (GMT)",Day 7,,Kyoto,"Fresh and preserved foods, duck specialties, Japanese sweets, and pickles. 9AM-6PM",,Food,Maps: https://maps.app.goo.gl/6tchB7v6v9ii5EK37,Thursday
Unitora Nakadori,,,,Tokyo,Uni bowls at Tsukiji Outer Market. 7 AM-9 PM. Cash only. Famous for fresh sea urchin,,Food,"Maps:
https://maps.app.goo.gl/wvGg2JEwQevcSjJ26",Tuesday
Arashiyama Itsukichaya,"November 20, 2025 6:00 PM (GMT)",Day 7,,Kyoto,Traditional Arashiyama dining. Book via TableCheck. Riverside setting with seasonal menu,,"Food, Needs Booking","Website:
https://www.tablecheck.com/en/shops/itsukichaya/reserve

Maps:
https://maps.app.goo.gl/WwHyr5rySc9QFQu29",Thursday
Gion Komori,,,,Kyoto,"11 AM–6:30 PM, close on Mon. Cash only, ¥1700",,Food,"Maps:
https://maps.app.goo.gl/FsdmZ3UZ8UqwQTh87",
Shinpachi Shokudō,,,,Tokyo,4AM-3AM everyday,,Food,Maps: https://maps.app.goo.gl/teLUUnYkXSWBmkQu7,
Gyukatsu Motomura,"November 29, 2025 7:00 PM (GMT)",Day 16,"Henry, Nanako",Osaka,Credit cards accepted,,Food,Maps: https://maps.app.goo.gl/gXYVh9nwxNe25nZV8,Saturday
Shabusen,,,,Tokyo,"All-you-can-eat shabu shabu. 11 AM-3:30 PM, 5-9 PM. Credit cards accepted",,Food,Maps: 1114,Friday
Waka Kimono Rental,,,,Kyoto,Kimono rental near Kiyomizu. 9 AM-6 PM. No booking required. Great for temple photos,,Attractions,"Website:
https://kyoto-photostudio.com/

Maps:
https://maps.app.goo.gl/daKsGA2UoBJPbY838",
LOFT,,,,Tokyo,"Leading Japanese household goods specialty store stocking stationery, watches and accessories, health products, homewares and variety goods. 10:00 AM - 9:00 PM",,Shopping,Maps: https://maps.app.goo.gl/CSgsNNXLZ1Pocu7p6,
Kyoto Yakiniku Hiro,"November 19, 2025 7:00 PM (GMT)",Day 6,"Henry, Nanako",Kyoto,"5–11 PM. Credit cards accepted. Book via http://yoyaku.toreta.in! Kyoto Yakiniku premium A5 wagyu experience. Request private booth for intimate dinner. Pair with local Fushimi sake. Indulge in wagyu lunch set with river views before heading back to Osaka. Farewell Kyoto wagyu lunch! Book via TableCheck for tatami booth. River views plus lunch set around ¥3,500pp. Split premium platter to sample A5 cuts",4.2,"Food, Needs Booking","Website: https://www.instagram.com/yakinikuhiro/
Maps: https://maps.google.com/?cid=3280333615075260841",Wednesday
Shiba Park,,,,Tokyo,Park near Tokyo Tower. Free entry. Great for morning walks or picnics,,Attractions,Maps: 1117,
Katsudon Chiyomatsu,,,,Osaka,Katsudon specialist. 11 AM-9 PM. Cash only. Comfort food heaven,,Food,"Maps:
436",Tuesday
Tokyo Tower,,,,Tokyo,9:00 AM - 10:30 PM,,Attractions,"Website:
578

Maps:
579",
Udon Maruka,,,,Tokyo,"Saturday: 11 AM–2:30 PM. Sunday, Closed. Other days: 11 AM–4 PM, 5–7:30 PM",,Food,Maps: 1113,
Heian Shrine,,,,Kyoto,"Classic Shinto shrine and landscaped gardens created in 1895 for the city's 1,100th birthday. Free admission, 6AM-5PM",,Attractions,"Website:
434

Maps:
435",
Uniqlo Ginza,,,,Tokyo,"Biggest Uniqlo, 12 levels, connect to GU, customizable bags and shirts. 11 AM–9 PM",,Shopping,Maps: https://maps.google.com/?cid=6170678451487891570,
Osaka Castle,"November 15, 2025 9:00 AM (GMT)",Day 2,"Henry, Nanako",Osaka,"Catch morning light over Nishinomaru Garden, then head up the keep for historical exhibits. Revered castle dating to 1597 and since rebuilt, featuring gardens and museum with varied exhibits. Historic 1597 castle rebuilt post-WWII. 8 floors of exhibits covering Osaka history plus samurai artifacts. Entry ¥600. Allow 90min for full experience including museum and gardens. Keihan to Temmabashi plus 10min walk via OAP. Arrive before tour buses for peaceful Nishinomaru Garden. Skip-the-line tickets via Klook recommended",4.4,Attractions,"Website: https://www.osakacastle.net/
Maps: https://maps.google.com/?cid=1081374622389182017",Saturday
Tofu Cuisine Sorano,,,,Tokyo,All-tofu cuisine in Shibuya. 5-10:45 PM. Creative dishes. Credit cards accepted,,Food,"Maps:
https://maps.app.goo.gl/HTD6F3L7egHxHdZs6",Friday
Cup Noodles Museum,,,,Osaka,Customize your own Cup Noodles. 9:30 AM-4:30 PM. Free entry. Fun activity for all ages,,Attractions,"Website:
https://www.cupnoodles-museum.jp/en/osaka_ikeda/

Maps:
438",
Arashiyama Rilakkuma Tea House,,,,Kyoto,Rilakkuma themed tea house/cafe. 10:30 AM-5:30 PM. Credit cards accepted. ¥1650,,Food,"Maps:
https://maps.app.goo.gl/WwHyr5rySc9QFQu29",
Masahiko Ozumi Paris,"November 21, 2025 9:00 AM (GMT)",Day 8,Henry,Osaka,"Crochet donuts ¥950. 10 AM-7 PM, closed Wednesdays. Artistic pastries worth trying",,Food,"Maps:
https://maps.app.goo.gl/n3MDNG46Y5rBpkeH8",
Kyushu Ramen Kio,"November 21, 2025 12:00 PM (GMT)",Day 8,Henry,Osaka,Tonkotsu ramen in Dotonbori. 11 AM-2 AM. Late-night dining option,,Food,Maps: https://maps.app.goo.gl/otFbvA3fmo6U9b6w5,Tuesday
Kura Sushi,,,,Osaka,Conveyor belt affordable sushi. Varied hours throughout week - check daily schedule. Budget-friendly fun dining experience,,Food,Maps: https://maps.app.goo.gl/aqK3yHwazhjJJA8d7,Tuesday
Ippuku & Matcha,,,,Tokyo,Matcha specialist. 11 AM-8 PM. Traditional preparation with modern twists. Instagram-worthy,,Food,Maps: https://maps.app.goo.gl/33Lvxjy27cceAWL36,
Arashiyama Miffy Sakura Kitchen,,,,Kyoto,Miffy cafe. 10 AM-6 PM. Credit cards accepted,,Food,"Maps:
https://maps.app.goo.gl/WwHyr5rySc9QFQu29",
2D Cafe,,,,Tokyo,"2D and 3D cafe drinks with unique visual dining experience. 11 AM-10 PM. Credit cards accepted. 2-D and 3-D cafe drinks. 10 AM-7 PM, Monday closed. Cash only",,Food,"Maps:
https://maps.app.goo.gl/Tf4YsQZ7iPmGxSih7",
GU,,,,Tokyo,Uniqlo sister brand for budget fashion. 11 AM-9 PM. Connected to main Ginza Uniqlo,,Shopping,"Website:
%

Maps:
https://maps.app.goo.gl/qcq8trbzPDm9MDgv5",
Godaime Hanayama Udon,,,,Tokyo,"Handmade udon in Nihonbashi. 11 AM-3:30 PM, 5:30-9:30 PM. Credit cards accepted. Quality noodles",,Food,"Maps:
https://maps.app.goo.gl/GHQkZZ8MD8uMEF2M9?g_st=com.google.maps.preview.copy",Monday
Unagi Kushiyaki Idumo,,,,Osaka,Unadon (grilled eel rice bowl). 11 AM–10 PM,,Food,"Website:
https://tabelog.com/osaka/A2701/A270101/27101583/

Maps:
580",
Hello Donuts,,,,Tokyo,11 AM-10 PM. Credit cards accepted,,Food,"Maps:
https://maps.app.goo.gl/xWsrrZMutDihb5PHA",
Tokyo Ramen Yokocho,,,,Tokyo,Small ramen shops near Tokyo Station Ramen Alley. Multiple options. 11 AM-11 PM. Credit cards accepted,,Food,"Maps:
https://maps.app.goo.gl/wTrKvPvZK5LUCspw5",Friday
Riceball Gori-chan,,,,Osaka,"Onigiri rice balls. 11 AM-8 PM, closed on Tuesdays. ¥350, cash only. Tiny shop with big flavors",,Food,"Maps:
https://maps.app.goo.gl/TP9Zj5RoiWM7q39d8",
Takoume Honten,,,,Osaka,Oden specialist,,Food,"Maps:
https://maps.app.goo.gl/EYrbKtzwDdPfcm2w8",
(THISIS)SHIZEN,,,,Kyoto,Flower ice cream. 10 AM-7 PM. Credit cards accepted,,Food,"Maps:
https://maps.app.goo.gl/Ry1t55vCt2jSfyft6",
Shinsekai,,,,Osaka,"Trendy retro district with Tsutenkaku Tower. Street food and nostalgic Osaka vibes. Great for evening exploration. Colorful retro district from 1912 with 103m tower, restaurants and souvenir shops. Amazing Pass covers tower entry. Great street food",,Attractions,"Maps:
dataSourceUrl",
Shunsai Imari,,,,Kyoto,"Traditional breakfast sets. 7:30-9:30 AM, 5:30-10:30 PM except Tuesdays. Credit cards accepted",,Food,Maps: https://maps.app.goo.gl/Dd53nRtxzDUjhc5L8,
Tokyo Metropolitan Government Building,,,,Tokyo,9:30 AM - 10:00 PM (entry until 9:30 PM),,Attractions,Maps: https://maps.google.com/?cid=8332823349771083842,
Kansai International Airport DXB → KIX (EK316) 13:30,"November 14, 2025 1:30 PM (GMT)",Day 1,Henry,Osaka,"Touch down, breeze through Smart Immigration, and pick up ICOCA & Haruka passes for Kansai adventures. Land at Terminal 1. Use Smart Immigration if available. Pick up ICOCA & Haruka combo at JR office (¥3,570)",,Travel,"Maps:
https://maps.google.com/?cid=12104414214768042484",Friday
Hotel Agora Osaka Moriguchi,"November 14, 2025 4:00 PM (GMT)",Day 1,"Henry, Nanako",Osaka,Check into a sleek Keihan-line base so Nana can commute easily on work days while you explore nearby neighbourhood cafés. Request river view corner room. Perfect for Nanako's work commute. Luggage forwarding to Kyoto available,4,Accommodation,"Website: https://www.hotelagora-moriguchi.com/
Maps: https://maps.google.com/?cid=13148145580788093834",Friday
Dotonbori,"November 14, 2025 6:30 PM (GMT)",Day 1,"Henry, Nanako",Osaka,"Ease into the neon with golden-hour stroll beneath the Glico sign, sampling street snacks and capturing first couple snaps. First taste of Osaka neon. Keihan to Namba. Perfect golden hour for Glico sign photos. Iconic Glico Man sign in Osaka's main shopping area. Perfect for evening photos with neon lights. Free",,Attractions,Maps: https://maps.google.com/?cid=16446419638008461065,Friday
Tombori River Cruise,"November 14, 2025 7:15 PM (GMT)",Day 1,"Henry, Nanako",Osaka,"Sail past Osaka's LED canyon - perfect for first-night wow shots and rest for jet-lagged feet. Book online 2 weeks ahead (¥1,200pp). Front-row seats essential for LED canyon photos. Bring warm jacket",4.4,"Needs Booking, Travel","Website: http://www.ipponmatsu.co.jp/cruise/tombori.html
Maps: https://maps.google.com/?cid=11944000788392540382",Friday
Okonomiyaki Mizuno,"November 14, 2025 8:00 PM (GMT)",Day 1,"Henry, Nanako",Osaka,"Celebrate night one with caramelised okonomiyaki on teppan counter, pairing yuzu highballs with flagship yam batter. Join queue at 6:30 PM. Cash only ¥2,500pp. Try the yamaimo-yaki specialty with yuzu highballs",3.8,Food,"Website: https://mizuno.gorp.jp/
Maps: https://maps.google.com/?cid=14993068628475195202",Friday
Hozenji Yokocho,"November 14, 2025 9:30 PM (GMT)",Day 1,"Henry, Nanako",Osaka,"Wind down along mossy alley, wash the Fudō-myōō statue for blessings, and grab warabi-mochi to-go for train ride home. Wash the Fudō statue for travel blessings. Pick up omamori and warabi-mochi for the train home",4.3,Attractions,Maps: https://maps.google.com/?cid=1940503935653472466,Friday
Brooklyn Roasting Company,"November 17, 2025 8:00 AM (GMT)",Day 4,"Henry, Nanako",Osaka,Fuel up riverside with Kyoto-sourced beans and plan the day over almond croissants in the airy loft. Keihan express to Kitahama. Grab upstairs window seats for canal views. Plan Kobe day over coffee. Arrive before 9:30 AM to beat crowds,4.4,Food,"Website: http://brooklynroasting.jp/
Maps: https://maps.google.com/?cid=3143396422888168986",Monday
Shinsaibashi-Suji Shopping Street,"November 26, 2025 11:00 AM (GMT)",Day 13,"Henry, Nanako",Osaka,"Blend Shinsaibashi flagship finds with Amerikamura thrift gems - hunt vintage Harajuku vibes, refill skincare at @cosme, and hit Kinji for statement pieces. Hit WEGO, BAPE, and Timebomb Records. Use station lockers",4.3,Shopping,"Website: https://www.shinsaibashi.or.jp/
Maps: https://maps.google.com/?cid=7087755665176380195",Wednesday
Kuromon Market,"November 26, 2025 1:30 PM (GMT)",Day 13,"Henry, Nanako",Osaka,"Grazing lunch of toro nigiri, charcoal-grilled scallops, and strawberry daifuku while chatting with fishmongers. Cash for stalls. Aim for 6-8 bites around ¥3,000pp. Market with vendors selling street food, fresh produce and shellfish, souvenirs, cheap wagyu beef",4.1,Food,"Website: https://kuromon.com/jp/
Maps: https://maps.google.com/?cid=12402117845945925953",Wednesday
Namba Yasaka Jinja,"November 26, 2025 1:00 PM (GMT)",Day 13,"Henry, Nanako",Osaka,"Snap surreal shots in front of the iconic lion-head stage and leave ema wishes for the journey. Lion-head shrine for surreal photos. 10min walk from Kuromon. Collect goshuin stamp for travel book. Small shrine featuring a ritualistic performance stage in the shape of a lion's head. 9AM-5PM, free entrance",4.4,Attractions,"Website: https://nambayasaka.jp/
Maps: https://maps.google.com/?cid=9278387310004857503",Wednesday
Arashiyama Bamboo Forest,"November 20, 2025 5:30 AM (GMT)",Day 7,"Henry, Nanako",Kyoto,"Catch the bamboo groves before crowds arrive, capturing misty light beams and atmospheric morning sounds. Famous bamboo grove walkway. Free access. Best early morning before crowds arrive. Keihan to Demachiyanagi then Hankyu to Arashiyama. Ride first Hankyu departure 5:30 AM to arrive pre-dawn. Pack tripod",4.4,Attractions,"Website:
https://ja.kyoto.travel/tourism/single01.php?category_id=8&tourism_id=2683

Maps:
https://maps.google.com/?cid=18131488233213033693",Thursday
Tenryu-ji,"November 20, 2025 6:45 AM (GMT)",Day 7,"Henry, Nanako",Kyoto,"Explore UNESCO Zen gardens glowing with momiji, and sip matcha overlooking the koi pond. Entrance ¥500 plus ¥300 for garden access. Use north gate to exit directly into bamboo grove. Optional reserve shojin-ryori breakfast",4.4,"Attractions, Needs Booking","Website:
https://www.tenryuji.com/

Maps:
https://maps.google.com/?cid=14815785984447432896",Thursday
Arashiyama Yoshimura,"November 20, 2025 12:00 PM (GMT)",Day 7,"Henry, Nanako",Kyoto,Warm up with handmade soba and tempura while overlooking Togetsukyo Bridge from tatami seating. Soba with good view. 11 AM-5 PM. Add name to queue 10:30 AM. Request 2nd-floor window seats. Order yuba sashimi sampler to share,4.2,Food,"Website: https://yoshimura-gr.com/arashiyama/
Maps: https://maps.google.com/?cid=14941654592724285625",Thursday
Kimono Forest,"November 20, 2025 1:10 PM (GMT)",Day 7,"Henry, Nanako",Kyoto,Wander through 600 illuminated kimono poles - perfect midday photo op before heading south. Free entry beside Randen tram station. Capture boomerang videos under sky projection well. Perfect midday lighting. Pick favorite pattern for future custom yukata order,4.2,Attractions,"Website: http://www.kyotoarashiyama.jp/about
Maps: https://maps.google.com/?cid=14328627673236365801",Thursday
Gekkeikan Okura Sake Museum,,,Henry,Kyoto,"Sample aged sake in the heart of Fushimi, blending history with guided tasting notes perfect for gifting. Walk 12 minutes from Inari to Chushojima area. Last tasting entry 19:00. Reserve premium tasting course (¥1,000) for English guide availability. Ship bottle set to avoid luggage weight",4.2,Food,"Website: https://www.gekkeikan.co.jp/enjoy/museum/
Maps: https://maps.google.com/?cid=9137465178982848979",
Tōdai-ji,,,,Kyoto,Stand beneath the 15-meter bronze Buddha and enjoy morning chanting in the ancient hall. Great Buddha of Nara. Kintetsu to Nara (55min). ¥1000 combo ticket. Arrive early to avoid school groups,4.6,Attractions,"Website:
https://www.todaiji.or.jp/

Maps:
https://maps.google.com/?cid=17911005107283377295",
Nara Park,,,,Kyoto,Stroll tree-lined paths feeding polite deer and capturing playful bows. Deer crackers ¥200. Watch for map-nibbling deer - secure papers! Great for autumn leaves viewing,4.5,Attractions,"Website: https://www3.pref.nara.jp/park/
Maps: https://maps.google.com/?cid=17972930374069941334",
Nakatanidou,,,,Kyoto,Catch the famous high-speed mochi pounding show and snack on warm yomogi mochi dusted in kinako. 5-minute walk from Kintetsu Nara Station. Shows roughly every 30 minutes—arrive just before noon. Cash only (¥130 per mochi),4.3,Food,"Website: http://www.nakatanidou.jp/
Maps: https://maps.google.com/?cid=14561917136571056776",
Byōdō-in,,,,Kyoto,"Admire the iconic Phoenix Hall mirrored in the reflecting pond, stepping inside for the gold-leaf interior tour. JR Nara Line to Uji. Entry ¥700 plus ¥300 museum. Interior tour timed - collect tickets upon arrival",4.5,Attractions,"Website: https://www.byodoin.or.jp/
Maps: https://maps.google.com/?cid=6954706348575164324",
Tsuen Tea,,,,Kyoto,"Sip hand-whisked matcha and gyokuro flight at world's oldest tea shop, learning whisk techniques from tea masters. Book 2 weeks ahead for master tasting ¥2,500pp. English guides available",4.3,"Food, Needs Booking","Website:
http://www.tsuentea.com/

Maps:
https://maps.google.com/?cid=2102438674156082753",Thursday
Café & Meal MUJI,"November 16, 2025 12:15 PM (GMT)",Day 3,"Henry, Nanako",Osaka,"Healthy tray lunch of seasonal deli picks, miso soup, and yuzu soda to keep energy up mid-workday. Self-service kiosk ordering around ¥1,100. Grab take-home train snacks. Check MUJI travel section",3.9,Food,"Website: https://store.tsite.jp/hirakata/
Maps: https://maps.google.com/?cid=17127482803001824153",Sunday
Gokurakuyu Hirakata,"November 16, 2025 6:30 PM (GMT)",Day 3,"Henry, Nanako",Osaka,Reward the workday with rotenburo and carbonated baths at the local sentō/spa complex. Taxi from station ~¥700. Rotenburo outdoor baths plus carbonated spa waters. Entry ¥850 plus ¥220 towel rental,3.8,Attractions,"Website: https://www.gokurakuyu.com/hirakata/hirakata.html
Maps: https://maps.google.com/?cid=7875082954910224352",Sunday
Kushikatsu Tanaka,"November 16, 2025 8:15 PM (GMT)",Day 3,"Henry, Nanako",Osaka,"Late-night skewers, DIY sauce, and highball towers steps from Nana's station—casual, comforting, delicious. Book via Tabelog for corner booth. DIY sauce kushikatsu plus cheese fondue skewers plus highball towers",4.5,"Food, Needs Booking","Website: https://kushi-tanaka.com/restaurant/detail/hirakata-mall?utm_source=google&utm_medium=maps&utm_campaign=gmb
Maps: https://maps.google.com/?cid=12975794440701677436",Sunday
Kinkaku-ji,"November 20, 2025 7:30 AM (GMT)",Day 7,"Henry, Nanako",Kyoto,Glimpse the shimmering pavilion mirrored in Kyōko-chi pond just as the sun illuminates autumn leaves. Golden Pavilion sunrise reflection! Keihan to Demachiyanagi then bus 204. Purchase ¥500 tickets at gate. Arrive before tour buses. Historic Golden Pavilion with gold-leaf facade amid landscaped gardens and reflecting pond. ¥500 entry. 9 AM-5 PM. Best photos early morning before tour buses,4.5,Attractions,"Website: https://www.shokoku-ji.jp/kinkakuji/
Maps: https://maps.google.com/?cid=1073025677330113631",Thursday
Ryōan-ji,"November 20, 2025 8:45 AM (GMT)",Day 7,"Henry, Nanako",Kyoto,Contemplate the famed 15-stone karesansui garden in a serene morning setting. Iconic 15-stone karesansui rock garden contemplation! 15min walk from Golden Pavilion. Entry ¥500. Remove shoes when entering temple hall,4.5,Attractions,"Website:
http://www.ryoanji.jp/

Maps:
https://maps.google.com/?cid=16261116435795248450",Thursday
Camellia Tea Ceremony,"November 19, 2025 9:30 AM (GMT)",Day 6,"Henry, Nanako",Kyoto,"Hands-on tea ceremony in a hidden garden near Ninenzaka, blending cultural insight with meditative calm. Book private session at http://camellia-tea-ceremony.com (¥6,000pp). Request English host Nozomi",4.9,"Attractions, Needs Booking","Website: http://www.tea-kyoto.com/
Maps: https://maps.google.com/?cid=9161111180576021376",Wednesday
Honke Owariya,"November 19, 2025 11:00 AM (GMT)",Day 6,"Henry, Nanako",Kyoto,"Taste Kyoto's oldest soba paired with tempura and seasonal sweets in a 550-year-old merchant house. 10min walk from tea ceremony. Call ahead for upstairs tatami seating. Try Hourai soba set around ¥1,600",4.3,"Food, Needs Booking","Website: http://honke-owariya.co.jp/
Maps: https://maps.google.com/?cid=16359369336265180348",Wednesday
Kyomachiya Ryokan Sakura Urushitei,"November 19, 2025 1:00 PM (GMT)",Day 6,"Henry, Nanako",Kyoto,"Check into an artisan machiya with hinoki baths, yukata sets, and traditional breakfast service. 12min walk from Karasuma Station. Book courtyard suite plus breakfast plus kaiseki dinner upgrade. Request luggage forwarding from Osaka",4.5,"Accommodation, Needs Booking","Website: https://www.kyoto-ryokan-sakura.com/urushi/home_jp/
Maps: https://maps.google.com/?cid=3664127484669648848",Wednesday
Hanamikoji Street,"November 19, 2025 6:00 PM (GMT)",Day 6,"Henry, Nanako",Kyoto,"Evening walk through Gion's lantern-lit lanes hoping for a glimpse of maiko en route to engagements. 10min walk from ryokan. Hope for maiko glimpses en route to engagements. Stay respectful - no flash photography or path blocking. Historic Gion district with traditional buildings, kimono shops, restaurants and geisha. Respectful photography only",,Attractions,Maps: https://maps.google.com/?cid=17005749363295018432,Wednesday
Pontocho Alley,,,,Kyoto,"Lantern-lined riverside alley for intimate izakaya and nighttime photos after the Gion walk.",,Attractions,Maps: https://maps.app.goo.gl/4GvFoA1LZAAe12n29,
Kiyomizu-dera,"November 19, 2025 6:00 AM (GMT)",Day 6,"Henry, Nanako",Kyoto,Beat the crowds to watch sunlight spill over Kyoto from the wooden stage while bells echo. Gates open 6:00 AM - arrive early to beat crowds. Wooden stage views over Kyoto as morning bells echo. Carry ¥400 entry in coins. Collect omikuji fortune slips. Buddhist temple on Mount Otowa known for scenic views from wooden veranda. Drink from 3 sacred streams for love/prosperity/longevity,4.5,Attractions,"Website: https://www.kiyomizudera.or.jp/
Maps: https://maps.google.com/?cid=7111013964196361402",Wednesday
Sannenzaka & Ninenzaka,"November 19, 2025 7:15 AM (GMT)",Day 6,"Henry, Nanako",Kyoto,Browse early-opening ceramics and craft shops before day-trippers flood the slopes. Start at Kiyomizu exit. Stop at Starbucks Ninenzaka 8:00 AM for Kyoto-exclusive merch. Buy engraved chopsticks for birthday dinner table settings. Stone-paved road with traditional buildings and shops,4.4,Shopping,"Maps:
https://maps.google.com/?cid=11767990651930696711",Wednesday
Kyoto Station Sky Garden,"November 20, 2025 3:30 PM (GMT)",Day 7,"Henry, Nanako",Kyoto,Catch futuristic architecture and secret rooftop garden before boarding the train south. Take escalators to 11F for free rooftop garden access. Grab Kyoto-style ekiben for journey,,Attractions,"Website: https://www.jr-odekake.net/eki/top.php?id=0610116
Maps: https://maps.google.com/?cid=13121875705491233800",Thursday
OMO7 Osaka,"November 18, 2025 4:00 PM (GMT)",Day 5,"Henry, Nanako",Osaka,"Shift to a design-forward stay with tatami lounges, onsen-style baths, and Osaka-focused concierge tours. JR Kyoto Line to Tennoji. Request skyline view room. Add breakfast buffet and sauna package",4.2,Accommodation,"Website:
https://hoshinoresorts.com/ja/hotels/omo7osaka/?utm_source=google&utm_medium=mybusiness

Maps:
https://maps.google.com/?cid=10904178204825139386",Tuesday
Umeda Sky Building,,,,Osaka,"Toast with sky-high cocktails as Osaka transitions from gold to neon at the Floating Garden Observatory. JR Loop to Osaka Station. Entry ¥1,500 pp; bar menu extra. Pre-book sunset slot. Bring smartphone gimbal for skyline shots. Connected skyscrapers with a rooftop garden observatory, plus a restaurant and lounge with city views. 9:30AM-10:30PM. Entrance ¥1,500",,Attractions,"Website:
https://www.skybldg.co.jp/en/

Maps:
https://maps.google.com/?cid=6323866581023509245",
Hirakata Park,"November 16, 2025 4:00 PM (GMT)",Day 3,"Henry, Nanako",Osaka,"Celebrate end of workweek with gentle coasters, Ferris wheel selfies, and warm crepes in the vintage amusement park. Vintage amusement park with gentle coasters plus Ferris wheel. Discount twilight tickets from 3:00 PM",4.3,Attractions,"Website: http://www.hirakatapark.co.jp/
Maps: https://maps.google.com/?cid=6647979896880488689",Sunday
Torisei Hirakata,"November 28, 2025 5:00 PM (GMT)",Day 15,"Henry, Nanako",Osaka,Charcoal yakitori matched with Fushimi sake flights before packing for Tokyo. Book counter seats. Order seasonal hotpot special. Reserve by phone and mention celebratory trip for omakase extras,3.2,"Food, Needs Booking","Website:
https://akr2875411535.owst.jp/

Maps:
https://maps.google.com/?cid=2157355754970212496",Friday
Kuzuha Mall,"November 16, 2025 9:45 PM (GMT)",Day 3,"Henry, Nanako",Osaka,"Final stop for Heattech, birthday décor, and Shinkansen snacks. Keihan 3min to Kuzuha Mall. Heattech layers plus birthday decorations plus shinkansen snacks. Visit Loft plus Kaldi Coffee Farm. Print Tokyo itinerary at Aeon copy station",3.9,Shopping,"Website: http://kuzuha-mall.com/
Maps: https://maps.google.com/?cid=18201673667111364488",Sunday
sequence MIYASHITA PARK,"November 21, 2025 10:00 PM (GMT)",Day 8,"Henry, Nanako",Tokyo,Drop bags at the design hotel hugging Miyashita Park—perfect base between Shibuya and Harajuku. Tokyo design hotel arrival! Early baggage drop available. Request high-floor Miyashita Park view plus late checkout,3.9,"Accommodation, Needs Booking","Website:
https://www.sequencehotels.com/miyashita-park/?utm_source=googlebusinessprofile&utm_medium=google&utm_campaign=maps

Maps:
https://maps.google.com/?cid=9510849312829855018",Friday
Afuri,"November 22, 2025 2:30 PM (GMT)",Day 9,"Henry, James, Ken, Nanako, Nicole, Phil",Tokyo,Freshen up with light yuzu shio ramen and vegan seasonal bowls before diving into Takeshita chaos. Vending machine ordering. Light yuzu shio ramen plus vegan options. Grab tsukemen for Nicole who loves spicy,4.4,Food,"Website:
https://afuri.com/

Maps:
https://maps.google.com/?cid=14658399961265590294",Saturday
Takeshita Street,"November 22, 2025 4:00 PM (GMT)",Day 9,"Henry, James, Ken, Nanako, Nicole, Phil",Tokyo,"Hop between Laforet pop-ups, 6%DOKIDOKI, and vintage sneaker shops while trying crepes and purikura booths. Book 3 PM purikura slot at NOA Café. Create shared AirDrop album. Harajuku's anime epicenter with crazy street fashion and vintage finds. Anime stores throughout. Open 10 AM-8 PM daily",,"Needs Booking, Shopping","Maps:
https://maps.google.com/?cid=14032878377351675573",Saturday
Shibuya Sky,"November 22, 2025 6:00 PM (GMT)",Day 9,"Henry, James, Ken, Nicole, Phil",Tokyo,"Meet James for panoramic city views as the scramble lights up below - capture drone-like shots from helipad deck. Book 2 months ahead. Panoramic city views as scramble lights up below. Lockers for bags. Observation deck. ¥2,000 entry",4.6,"Attractions, Needs Booking","Website:
https://www.shibuya-scramble-square.com/sky/

Maps:
https://maps.google.com/?cid=8067212359343678579",Saturday
Gonpachi Shibuya,"November 22, 2025 8:00 PM (GMT)",Day 9,"Henry, James, Ken, Nanako, Nicole, Phil",Tokyo,"Izakaya feast with yakitori, sushi rolls, and sake flights inspired by Kill Bill vibes to cap the day. Book private tatami room for 6 people. Set menu around ¥5,000pp plus vegetarian sides for Ken",4.1,"Food, Needs Booking","Website: https://gonpachi.jp/shibuya/
Maps: https://maps.google.com/?cid=5535728105966142773",Saturday
teamLab Planets,"November 23, 2025 9:00 AM (GMT)",Day 10,"Henry, Ken, Nanako, Nicole",Tokyo,"Barefoot, multi-sensory art spaces with mirrored water rooms - perfect for collaborative photos. Book 9 AM slot (¥3,800pp). Bring small towel for water installations. Coordinate matching outfits for reflective shots",4.5,"Attractions, Needs Booking","Website: https://www.teamlab.art/jp/e/planets/
Maps: https://maps.google.com/?cid=7918542870314997282",Sunday
Pokémon Café,,,,Tokyo,"Adorable character plates, latte art, and special edition merch with tableside Pikachu show. Book exactly 31 days ahead at 6 PM JST. Takashimaya 5F. ¥3,000pp. Arrive 15min early",4.2,"Food, Needs Booking","Website: https://www.pokemon-cafe.jp/ja/cafe/
Maps: https://maps.google.com/?cid=4725603843889793061",Monday
MIMARU Tokyo Shinjuku WEST,"November 23, 2025 4:00 PM (GMT)",Day 10,"Henry, Ken, Nanako, Nicole",Tokyo,"Apartment-style suite with tatami bunk beds, kitchen for snacks, and board games for a nostalgic sleepover. Request Pokemon room if available. 2-bedroom suite with kitchen and projector for Mario Kart tournament. Nanako logs into Tuesday meetings while Henry pack and coordinate Osaka evening. Use MIMARU co-working nook. Late checkout to noon. Ship Tokyo purchases via Yamato",4.7,Accommodation,"Website: https://mimaruhotels.com/ja/hotel/shinjuku-west/?utm_source=google&utm_medium=map&utm_campaign=shinjuku
Maps: https://maps.google.com/?cid=15607418906888136225",Sunday
Karaoke Kan Shibuya,"November 22, 2025 10:00 AM (GMT)",Day 9,"Henry, Ken, Nanako, Nicole",Tokyo,"Sing through anime themes, K-pop, and nostalgic hits with drink package and custom cake delivery. Reserve party room with neon lighting. Book 3-hour plan with unlimited soft drinks plus two cocktails per person. Queue duet playlist curated earlier in Spotify",3.5,"Needs Booking, Other","Website: https://karaokekan.jp/shop/detail/30
Maps: https://maps.google.com/?cid=7596898140513591090",Saturday
Tokyo DisneySea,"November 24, 2025 8:00 AM (GMT)",Day 11,"Henry, Ken, Nanako, Nicole",Tokyo,"Soar on Soaring, dive into Journey to the Center, and catch the evening Harbor of Dreams show with Christmas overlays. Book 1-day passport (¥10,900pp) plus Premier Access. Target: Soaring, Journey to Center, Harbor Dreams show",4.6,"Attractions, Needs Booking","Website: https://www.tokyodisneyresort.jp/tds/
Maps: https://maps.google.com/?cid=4703760703938833701",Monday
Disney Hotel,"November 24, 2025 2:00 PM (GMT)",Day 11,"Henry, Ken, Nanako, Nicole",Tokyo,Afternoon tea at Hyperion Lounge to recharge mid-park with seasonal desserts and photo ops. Book 2 PM seating via Disney app. Note birthday celebration. Collect exclusive hotel pin for keepsakes,4.5,"Food, Needs Booking","Website: https://www.tokyodisneyresort.jp/hotel/dah/
Maps: https://maps.google.com/?cid=6044710685353048397",Monday
Nozomi Express,,,,Tokyo,Board Nozomi 273 back to Shin-Osaka with Tokyo Station bento feast and birthday countdown playlist planning. Depart Tokyo Station (arrive 22:13). Reserve seats in car 13 for luggage space. Use smartEX app,4.3,"Needs Booking, Travel","Website:
https://www.tokyoinfo.com/

Maps:
https://maps.google.com/?cid=11114180190203192",
Osaka Museum of Housing and Living,"November 15, 2025 4:30 PM (GMT)",Day 2,"Henry, Nanako",Osaka,"Wander Edo-period Osaka streets recreated indoors—rent yukata for photos and learn urban history. Subway to Tenjinbashisuji 6-chome. Entry ¥600. Book online timed slots. Optional kimono rental ¥500 for authentic photos",4.2,"Attractions, Needs Booking","Website:
https://www.osaka-angenet.jp/konjyakukan/

Maps:
https://maps.google.com/?cid=10674462834411964257",Saturday
Torame Yokocho,"November 15, 2025 8:00 PM (GMT)",Day 2,"Henry, Nanako",Osaka,"Graze across Osaka comfort classics—takoyaki, kushikatsu, craft beer—under a retro neon arcade. Located in Namba under retro neon arcade. Mix-and-match small plates. ¥4,000 total. Arrive early for communal table",4,Food,"Website: http://www.虎目横丁.com/
Maps: https://maps.google.com/?cid=6273016228902860999",Saturday
Kobe Nunobiki Herb Gardens,"November 17, 2025 10:30 AM (GMT)",Day 4,"Henry, Nanako",Osaka,"Glide up the ropeway for panoramic views and wander fragrant greenhouses with seasonal blooms. JR rapid to Shin-Kobe. Ropeway combo ticket ¥1,800 for panoramic views plus greenhouse exploration. Try herb soft serve at summit cafe",4.5,"Attractions, Needs Booking","Website: https://www.kobeherb.com/
Maps: https://maps.google.com/?cid=9393563791333494613",Monday
Steakland Kobe,"November 17, 2025 1:00 PM (GMT)",Day 4,"Henry, Nanako",Osaka,"Classic teppan Kobe beef lunch with live chef performance—best value wagyu feast. 10min walk from Sannomiya. Lunch set ¥3,480pp includes soup plus salad plus rice plus dessert. Call morning-of for counter seats",4,"Food, Needs Booking","Website:
https://steakland-kobe.jp/

Maps:
https://maps.google.com/?cid=4268193972152431843",Monday
Arima Onsen Taiko-no-yu,"November 17, 2025 3:30 PM (GMT)",Day 4,"Henry, Nanako",Osaka,"Soak in gold and silver springs, explore cave baths, and book a private relaxation room. Japan's most famous hot spring! Hankyu Bus from Sannomiya. Gold plus silver springs plus cave baths. Entry ¥2,750. Reserve private tatami lounge",3.7,"Attractions, Needs Booking","Website: http://www.taikounoyu.com/
Maps: https://maps.google.com/?cid=16499097178660564879",Monday
Kobe Harborland,"November 17, 2025 7:00 PM (GMT)",Day 4,"Henry, Nanako",Osaka,"Capture mosaic lights, ride the Ferris wheel if energy allows, and share harbourfront desserts. JR to Kobe Station plus 5min walk. Check Luminarie winter illumination schedule. Try Godiva hot chocolate",4.2,Attractions,"Website: https://www.harborland.co.jp/
Maps: https://maps.google.com/?cid=12749193704110128037",Monday
Universal Studios Japan,"November 18, 2025 7:30 AM (GMT)",Day 5,"Henry, Nanako",Osaka,"Hit Super Nintendo World at rope drop, chase Jujutsu Kaisen XR ride, and close with Night Parade. Book USJ tickets plus Express Pass 7 three months ahead. Early entry at 7:30 AM. Priorities: Mario Kart, Yoshi's Adventure, Night Parade",4.5,"Attractions, Needs Booking","Website: https://www.usj.co.jp/web/ja/jp
Maps: https://maps.google.com/?cid=3892796888607511210",Tuesday
W Osaka,"November 28, 2025 2:00 PM (GMT)",Day 15,"Henry, Ken, Nicole, Osaka",Osaka,"Secure a Marvelous Suite for party-ready lighting, stash decorations, and arrange welcome amenities. Check in early via Bonvoy chat. Request high-floor city view. Set up Polaroid guest book and balloons before guests arrive",4.2,Accommodation,"Website:
https://www.marriott.com/en-us/hotels/osaow-w-osaka/overview/?scid=f2ae0541-1279-4f24-b197-a979c79310b0

Maps:
https://maps.google.com/?cid=2705746213831136029",Friday
MYDO Teppanyaki,"November 28, 2025 7:00 PM (GMT)",Day 15,"Henry, Ken, Nicole, Osaka",Osaka,"Table-side wagyu, flambéed seafood, and custom dessert with dual birthday shout-outs for you and Ken. Private teppan counter inside W Osaka. Pre-order cake and champagne tower. Play curated playlist through sound system",4.3,"Food, Needs Booking","Website: https://mydo.wosaka.com/
Maps: https://maps.google.com/?cid=4258381221987283802",Friday
Karaoke Kan Shinsaibashi,"November 28, 2025 9:00 PM (GMT)",Day 15,"Henry, Ken, Nanako, Nicole, Osaka",Osaka,"Private neon room with unlimited drinks, photobooth props, and birthday slideshow during choruses. Book VIP room with open bar via Jalan Net. Bring HDMI cable for slideshow. Surprise Ken with co-birthday montage",3.6,"Needs Booking, Other","Website: https://karaokekan.jp/shop/detail/182
Maps: https://maps.google.com/?cid=2046130830251139311",Friday
Bar Nayuta,"November 28, 2025 11:45 PM (GMT)",Day 15,"Henry, Ken, Nicole, Osaka",Osaka,"Rooftop mixology featuring yuzu gin fizzes and dessert cocktails overlooking Osaka Castle lights. Book 11:45 PM slot. Request custom drink named ""Japlan Nova"". Dress smart-casual. Bring small gifts for bartenders",4.7,"Food, Needs Booking","Website: http://bar-nayuta.com/
Maps: https://maps.google.com/?cid=8702241179377055165",Friday
Eikan-dō Zenrin-ji,,,"Henry, Ken, Nicole",Kyoto,"Marvel at fiery maple reflections in the Hojo Pond and climb the Tahoto pagoda for sweeping views. Keihan from Yodoyabashi to Jingū-Marutamachi then taxi. Entry ¥1,000. Buy advance tickets online to skip queue. Shoot birthday-week group photo on the Hojo Bridge",4.6,"Attractions, Needs Booking","Website: http://www.eikando.or.jp/
Maps: https://maps.google.com/?cid=2060121541776026964",
Okutan Nanzenji,,,,Kyoto,"Traditional tofu kaiseki in a tatami room overlooking a moss garden—warming and serene. Reserve tatami room. Lunch course ¥3,800 pp. Remove shoes at entry. Call ahead and mention vegetarian-friendly preferences",4.1,"Food, Needs Booking",Maps: https://maps.google.com/?cid=737529368844235860,Thursday
Tōfuku-ji,,,,Kyoto,"Stroll across Tsutenkyo Bridge for jaw-dropping maple valley views and temple gardens. Keihan to Tofukuji Station. Timed entry queue moves quickly (~20 min). Purchase timed tickets online if available, otherwise buy on arrival (¥1,000)",4.5,Attractions,"Website: https://tofukuji.jp/
Maps: https://maps.google.com/?cid=7117677159742707137",
Kōdai-ji,,,,Kyoto,Nighttime light-up across Zen gardens and bamboo grove with mirror pond projections. ¥1000 entry. Ends 21:30. Combo ticket with Entoku-in available,4.4,Attractions,"Website: https://www.kodaiji.com/
Maps: https://maps.google.com/?cid=2616919559259342976",
Rinku Premium Outlets,"November 29, 2025 10:00 AM (GMT)",Day 16,"Henry, Nanako",Osaka,"Outlet hop for last-minute gifts—Onitsuka Tiger, Coach, Nintendo Tokyo satellite—and sunset pier views. JR rapid or Nankai to Rinku-Town. Use hands-free delivery counter for extra bags. Download coupon QR for extra 10% savings",4.1,Shopping,"Website:
https://www.premiumoutlets.co.jp/rinku/

Maps:
https://maps.google.com/?cid=14141131390446530690",Saturday
Kansai International Airport 23:10 KIX → DXB (EK317),"November 30, 2025 6:00 PM (GMT)",Day 17,"Henry, Nanako",Osaka,"Check in early, enjoy KIX Lounge showers, and savour final takoyaki before overnight flight home. Hotel limo or Nankai Rapi:t to KIX. Arrive 3 hours pre-flight for tax-free refund pickup. Confirm airline upgrade waitlist. Touch down, breeze through Smart Immigration, and pick up ICOCA & Haruka passes for Kansai adventures. Land at Terminal 1. Use Smart Immigration if available. Pick up ICOCA & Haruka combo at JR office (¥3,570)",,Travel,Maps: https://maps.google.com/?cid=12104414214768042484,Sunday
Donguri Republic,"November 28, 2025",Day 15,"Henry, Osaka",Osaka,"Pop into the Ghibli flagship for Totoro-themed homeware and party décor inspiration. Inside Shinsaibashi PARCO B1. Use Tax-Free counter for larger buys. Pick up soot sprite lanterns for birthday suite styling. Studio Ghibli merchandise. 10 AM-8 PM. Totoro and other character goods. Tax-free available",4.5,Shopping,"Website:
https://benelic.com/donguri/

Maps:
https://maps.google.com/?cid=3140939674230622171",Friday
& COFFEE MAISON,"November 15, 2025 11:30 AM (GMT)",Day 2,"Henry, Nanako",Osaka,Refuel with soufflé pancakes and seasonal fruit sodas before heading north. 12min walk from castle. Arrive at opening to skip weekend queues. Soufflé pancakes plus seasonal fruit sodas. Book online waiting list,3.8,Food,"Website:
https://maisonkitsune.com/jp/

Maps:
https://maps.google.com/?cid=17824513151163237395",Saturday
Grand Front Osaka,"November 28, 2025",Day 15,"Henry, Phil",Osaka,"Sample patisserie, sake, and wagashi in Umekita Cellar while curating birthday dessert table. Walk from Takamura via Umeda Sky walkway. Use lockers for purchases. Grab PABLO mini cheesecakes for hotel snack stash",4.1,Shopping,Maps: https://maps.google.com/?cid=10730928324569822745,Friday
HEP FIVE Ferris Wheel,"November 28, 2025",Day 15,"Henry, Phil",Osaka,Red Ferris wheel in Umeda offering crimson gondola views sweeping over Osaka before dusk. Ride from HEP FIVE 7F. 11 AM-10:45 PM. ¥600 entry. Use Amazing Pass if purchased. Aim pre-sunset for short queue. Snap timelapse. Great city views and photos,4.4,Attractions,"Website: https://www.hepfive.jp/ferriswheel
Maps: https://maps.google.com/?cid=12356348084046776944",Friday
Human Beings Everybody Noodles,"November 17, 2025 8:15 PM (GMT)",Day 4,"Henry, Nanako",Osaka,Slurp creative ramen bowls in the indie Nakazakicho district after skyline views. 8min walk from Umeda Sky Building. Tiny creative ramen shop - expect ~20min queue. No reservations. Yuzu shio ramen,4.2,Food,"Website:
http://www.jinrui-minamenrui.com/

Maps:
https://maps.google.com/?cid=6418836266917594457",Monday
Bear Paw Cafe,"November 16, 2025 3:30 PM (GMT)",Day 3,"Henry, Nanako",Osaka,"Swing by the kindness-powered Bear Paw Cafe for latte art and relaxing vibes. 10min walk from T-SITE. Exquisite latte art plus relaxing atmosphere. Cashless payment. Limited seating - consider takeout. Hours: Sun, Tues, Wed, Thurs: 11 AM-6:30 PM. Fri, Sat: 11 AM-7:30 PM. Mon: Closed. Credit cards accepted",4.5,Food,"Website: https://www.kumanote-cafe.com/
Maps: https://maps.google.com/?cid=16452992468120160436",Sunday
Namba to Koyasan,"November 27, 2025 8:00 AM (GMT)",Day 14,"Henry, Nanako",Osaka,Take the Nankai Limited Express to Gokurakubashi then cable car into the sacred mountain. Book Koya Limited Express seats via Nankai app 30 days ahead. Pack overnight bag only. Send main luggage back to Agora,4.2,"Needs Booking, Travel","Website: http://www.nankai.co.jp/
Maps: https://maps.google.com/?cid=6827252724861153154",Thursday
Kongobu-ji,"November 27, 2025 10:00 AM (GMT)",Day 14,"Henry, Nanako",Osaka,"Admire fusuma paintings and Banryutei rock garden at the head temple of Shingon Buddhism. 5min taxi from Koyasan Station. Entry ¥1,000 cash. Attend tea service if offered",4.5,Attractions,"Website: http://www.koyasan.or.jp/
Maps: https://maps.google.com/?cid=3067988105565081029",Thursday
Eko-in Temple,"November 27, 2025 3:00 PM (GMT)",Day 14,Henry,Osaka,"Settle into tatami room, join evening meditation, and savour plant-based kaiseki dinner. Book Eko-in with private bathroom. Arrive 3 PM for orientation. Shojin kaiseki dinner and evening meditation. 9 PM curfew. Participate in morning sutra chanting followed by goma fire ritual for safe travels. Arrive 10min early at main hall. Sit seiza or use stools. Write prayer tablets for upcoming Tokyo adventures",4.5,"Accommodation, Needs Booking","Website: http://www.ekoin.jp/
Maps: https://maps.google.com/?cid=17557195955039242223",Thursday
Okunoin,"November 27, 2025 8:00 PM (GMT)",Day 14,"Henry, Nanako",Osaka,"Join guided torchlit stroll through Okunoin cemetery to Torodo Hall under 10,000 lanterns. Meet at Eko-in lobby. Wear warm layers and comfortable shoes. Book English tour via temple concierge",4.8,Attractions,"Website: http://www.koyasan.or.jp/meguru/sights.html
Maps: https://maps.google.com/?cid=15489946718694438945",Thursday
Osaka Aquarium Kaiyukan,"November 26, 2025 4:00 PM (GMT)",Day 13,Henry,Osaka,"Marvel at whale sharks, jellyfish galaxy, and penguin habitats during evening lights. Book 4 PM tickets online. JR Loop to Bentencho then Chuo Line to Osakako. Check feeding times",4.4,"Attractions, Needs Booking","Website:
https://www.kaiyukan.com/

Maps:
https://maps.google.com/?cid=8035482904308493516",Wednesday
Tempozan Marketplace,"November 26, 2025 6:30 PM (GMT)",Day 13,Henry,Osaka,"Share kushikatsu, takoyaki, and dessert crepes beside the harbour lights. 3min walk from aquarium. Browse nautical souvenirs",3.9,Food,"Website:
http://www.kaiyukan.com/thv/marketplace/

Maps:
https://maps.google.com/?cid=7500308137477506974",Wednesday
Nozomi Express,"November 21, 2025 7:00 PM (GMT)",Day 8,"Henry, Nanako",Osaka,Ride Nozomi 20 from Shin-Osaka to Shinagawa with seasonal ekiben lunch and trip journaling. Book via SmartEX: Nozomi 20 from Shin-Osaka. Reserve car 12 for luggage space. Share live location with Nicole & Ken,4,"Needs Booking, Travel","Maps:
https://maps.google.com/?cid=4312131637787784911",Friday
Shibuya 109,,,Ken,Tokyo,"Browse Shibuya 109, uncover J-fashion collabs, and prep outfits for birthday party. Store luggage in hotel. Use tax-free counters with passport. Plan wishlist via Shibuya 109 app. Pick up matching accessories and limited-edition merch. Mall with trendy Japanese pop fashions. 10 floors of fashion. 10 AM-9 PM daily. Tax-free available",4,Shopping,"Website:
https://www.shibuya109.jp/

Maps:
https://maps.google.com/?cid=6170678451487891570",
Kaikaya by the Sea,,,"Henry, Ken, Nicole",Tokyo,"Celebrate reunion with creative seafood izakaya plates and sake flights. 10-minute walk from hotel. Bring cash for small dishes. Reserve tatami room for four. Note shellfish allergies. Surprise Ken with mini dessert. 5 PM–10:30 PM, close on Wed. Credit cards accepted",4.4,"Food, Needs Booking","Website: http://www.kaikaya.com/
Maps: https://maps.google.com/?cid=11972321199625134092",
Toyosu Market,"November 25, 2025 7:00 AM (GMT)",Day 12,"Henry, Ken, Nanako, Nicole",Tokyo,Queue early for Daiwa Sushi omakase and check rooftop gardens overlooking the bay. Arrive at 7 AM for counter seats. Some stalls take reservations. Grab souvenir knives for cooking friends,4.4,"Food, Needs Booking","Website:
https://www.instagram.com/daiwazushi/

Maps:
https://maps.google.com/?cid=7225947371004553622",Tuesday
Odaiba Seaside Park,"November 23, 2025 12:00 PM (GMT)",Day 10,Henry,Tokyo,"Stroll the waterfront, shop DiverCity, and ride the Daikanransha Ferris wheel at sunset. Waterfront stroll plus Ferris wheel at sunset. Yurikamome from Toyosu. DiverCity shopping plus Unicorn Gundam photo op",4.3,Attractions,"Website: http://www.senyo.co.jp/kasai/
Maps: https://maps.google.com/?cid=4053145678689472710",Sunday
Meiji Jingu,"November 22, 2025 9:00 AM (GMT)",Day 9,"Henry, Ken, Nanako, Nicole",Tokyo,"Walk the forested approach, offer ema, and pick omamori for friends. Enter via Harajuku South Gate. Cleanse at temizuya, offer ema, pick omamori for friends. Write wishes for work-life balance",4.6,Attractions,"Website: https://www.meijijingu.or.jp/
Maps: https://maps.google.com/?cid=10361244767556222835",Saturday
Cat Street,"November 22, 2025 12:00 PM (GMT)",Day 9,"Henry, James, Ken, Nicole, Phil",Tokyo,"Stroll Cat Street boutiques for indie fashion, vintage denim, and café pop-ups. Walk toward Omotesando. Stop by Ragtag and vintage sneaker shops. Plan 15:00 coffee stop at The Roastery by Nozy",,Shopping,"Maps:
https://maps.google.com/?cid=5056390973891085264",Saturday
Daikanyama T-Site,"November 22, 2025 11:00 AM (GMT)",Day 9,"Henry, James, Ken, Nicole, Phil",Tokyo,Sip slow-drip coffee among Tsutaya's curated stacks and vinyl corner. Walk 10 minutes from Shibuya or ride Tokyu Toyoko line. Reserve reading table via app if staying longer. Pick up photobooks,4.3,Food,"Website: https://store.tsite.jp/daikanyama/
Maps: https://maps.google.com/?cid=16984859993834332588",Saturday
Nakameguro,,,"Henry, James, Ken, Nicole, Phil",Tokyo,"Wander along the Meguro River lights, stopping for gelato and boutique shopping. Walk or train to Nakameguro Station. Check Blue Bottle for limited roast. Scout interior shops for apartment décor ideas",3.9,Attractions,"Website: http://www.city.meguro.tokyo.jp/shisetsu/shisetsu/koen/funairiba.html
Maps: https://maps.google.com/?cid=10070035784612226703",
Senso-ji,"November 25, 2025 6:00 AM (GMT)",Day 12,Henry,Tokyo,"Offer incense at Senso-ji before crowds, capture Nakamise empty, and draw omikuji. Take first Ginza Line train from Shibuya. Bring ¥100 coins for offerings. Grab ningyo-yaki for the shinkansen",4.5,Attractions,"Website:
https://www.senso-ji.jp/

Maps:
https://maps.google.com/?cid=7785923974874169613",Tuesday
Tokyo Skytree,"November 25, 2025 8:00 AM (GMT)",Day 12,"Henry, Nanako",Tokyo,Take in panoramic views and plan future adventures from the 350m deck. Book 8 AM entry online. Bring passport for discount. Fast Skytree ticket reduces queue time. Matcha sweets downstairs,4.4,"Attractions, Needs Booking","Website:
https://www.tokyo-skytree.jp/

Maps:
https://maps.google.com/?cid=9015449659807889194",Tuesday
Asakusaimahan,"November 25, 2025 12:00 PM (GMT)",Day 12,"Henry, Nanako",Tokyo,"Indulge in wagyu sukiyaki as farewell treat before hopping south. Book private room. 15min taxi from MIMARU. Medium-rare wagyu with extra raw egg for dipping. Toast to Osaka! Sukiyaki with marbled wagyu beef. 11 AM-10 PM. ¥3,000 sets. Credit cards accepted. Premium beef experience",4,"Food, Needs Booking","Website:
https://imahan-honten.co.jp/

Maps:
https://maps.google.com/?cid=13909133467795774038",Tuesday
Tokyo Character Street,"November 25, 2025 2:00 PM (GMT)",Day 12,"Henry, Nanako",Tokyo,"Grab limited NHK and Ghibli merch along the station basement arcade. Tokyo Station basement character shops. Use coin lockers. NHK shop for gifts, Doraemon sweets for Osaka friends. Inside Tokyo Station with stores for anime and manga character merchandise, official plushies. 10:00 AM - 8:30 PM",4.2,Shopping,"Website: https://e-shop.tokyoeki-1bangai.co.jp/
Maps: https://maps.google.com/?cid=1169765817995755207",Tuesday
Nozomi Express,"November 25, 2025 4:00 PM (GMT)",Day 12,"Henry, Nanako",Tokyo,Return to Shin-Osaka with matcha sweets and digital journaling of Tokyo memories. Book Nozomi 47 via SmartEX. Car 11 for quieter ride. Wave goodbye to Nicole & Ken at Tokyo Station first. Board Nozomi 273 back to Shin-Osaka with Tokyo Station bento feast and birthday countdown playlist planning. Depart Tokyo Station (arrive 22:13). Reserve seats in car 13 for luggage space. Use smartEX app,4.3,"Needs Booking, Travel","Website: https://www.tokyoinfo.com/
Maps: https://maps.google.com/?cid=11114180190203192",Tuesday
Osaka Station City,"November 15, 2025 1:30 PM (GMT)",Day 2,"Henry, Nanako",Osaka,Graze through bento stands and craft coffee before an artful afternoon. Keihan to Kitahama then walk. Rooftop seating with picnic vibes. Grazing lunch from multiple bento stands plus craft coffee. Check JR ticket office,4.1,Food,"Website:
https://www.lucua.jp/floormap/b2.html

Maps:
https://maps.google.com/?cid=3515048889585954420",Saturday
teamLab Botanical Garden,"November 26, 2025 7:00 PM (GMT)",Day 13,Henry,Osaka,"Return for alternate route through luminous installations with fresh perspectives. Book 7 PM slot for smaller weekday crowds. Focus on long-exposure photography. Different route through installations. Nighttime digital art woven through Nagai Botanical Garden with glowing eggs, mirrored ponds, and luminous bamboo groves. Book 2 months ahead! Subway Midosuji to Nagai. ¥1,800pp for 90min digital art wonderland. Weather dependent outdoor event",3.9,"Attractions, Needs Booking","Website: https://www.teamlab.art/jp/e/botanicalgarden/
Maps: https://maps.google.com/?cid=4949594704093356283",Wednesday
Himeji Castle,,,"Henry, Nanako",Osaka,Explore the White Heron Castle keep and Koko-en gardens before crowds. JR Special Rapid from Osaka to Himeji (1 hr). Arrive before gates open. Reserve e-tickets to skip queue. Pick up audio guide,4.6,"Attractions, Needs Booking","Website: https://www.city.himeji.lg.jp/castle/index.html
Maps: https://maps.google.com/?cid=8813417131136418225",
Afternoon Glam & Restock,"November 28, 2025 1:00 PM (GMT)",Day 15,"Henry, Ken, Nicole, Osaka",Osaka,"Set up décor, finalise playlist, and grab last-minute sweets at Daimaru. Divide tasks: Nana handles balloons, Henry prep tech, friends collect cake. Confirm cake delivery window. Check sound system cables and Polaroid film before guests arrive",4.1,Shopping,"Website:
https://www.daimaru.co.jp/shinsaibashi/?utm_source=google_map&utm_medium=social&utm_campaign=info&utm_content=01

Maps:
https://maps.google.com/?cid=12525137505886472735",Friday
Philosopher's Path,,,Henry,Kyoto,"Leisurely walk along the canal beneath amber leaves, stopping for craft boutiques and gelato. Start near Eikan-dō and head north. Peek into artisanal shops like Ginkaku-ji Seseragi. Grab seasonal gelato at Sfera Bar Satén en route. Leisurely canal walk under autumn leaves, stopping for craft boutiques and gelato",4.6,Attractions,"Maps:
https://maps.google.com/?cid=13093296689021343783",
Takamura Wine & Coffee,"November 30, 2025",Day 17,"Henry, Nanako",Osaka,Celebrate the journey with artisanal coffee cupping and light brunch in a lofted roastery. Taxi from W Osaka. Reserve tasting flight with seasonal beans. Book cupping session for two. Share highlight reel before heading to airport. Coffee cupping and light brunch in lofted roastery. 10min taxi from W Osaka. Book ahead for tasting flight. Ship wine via EMS. Pick up beans for home brewing,4.4,"Food, Needs Booking","Website:
http://takamuranet.com/

Maps:
https://maps.google.com/?cid=18436798584987103295",Sunday
Soosh Harajuku,,,,Tokyo,"Drop into Soosh for curated streetwear and accessory edits. Check Instagram for pop-up hours, typically inside Laforet. DM for personal styling slot if weekend. Good rainy-day filler",3.8,Shopping,"Website:
https://i-bloom-squishy.com/stores/mooosh-squishy-harajuku/

Maps:
https://maps.google.com/?cid=9447902076108220331",
Don Quijote,,,"James, Ken, Nicole, Phil",Osaka,"Stock up on J-beauty, sheet masks, and quirky gadgets late-night. Open 24h. Bring passport for tax-free counter. Plan 23:00 visit to avoid crowds. Target Anessa SPF, LuLuLun masks, and limited matcha kit",3.7,Shopping,"Website:
https://www.donki.com/store/shop_detail.php?shop_id=110

Maps:
https://maps.google.com/?cid=16446419638008461065",
Animate Ikebukuro,,,"James, Ken, Nicole, Phil",Tokyo,"Hunt anime figures, BL merch, and limited drops across eight floors. Near Ikebukuro East Exit. Use tax-free at level 8. Plan weekday visit for minimal queue. Pick up Ghibli & Genshin collab goods. Biggest anime store in Tokyo. 11 AM-8 PM",4.2,Shopping,"Website:
https://www.animate.co.jp/shop/ikebukuro/

Maps:
https://maps.google.com/?cid=5782044568649909786",
GiGO Shibuya,,,"James, Ken, Nicole, Phil",Tokyo,"Compete in rhythm games, claw machines, and photobooths. Located near Center-Gai. Use cash or IC for machines. Perfect rain alternative to outdoor plans",3,Attractions,"Website: https://tempo.gendagigo.jp/am/shibuya?utm_campaign=mov&utm_medium=GBP&utm_source=website-button
Maps: https://maps.google.com/?cid=13397189295327937443",
Cinnamoroll Cafe,,,,Tokyo,Pastel latte art and themed plates inside the Cinnamoroll dreamscape. Located in Shinjuku. Queue early for morning slots. Advance reservations via EPARK recommended. Collect seasonal merch for birthday gift bags,3.9,"Food, Needs Booking","Website: http://www.cinnamorollcafe.com/shinjuku/
Maps: https://maps.google.com/?cid=12163419718774346138",Monday
Genshin Impact Official Shop,,,"James, Ken, Nicole, Phil",Tokyo,Snag exclusive character drops and photo spots for Shin's fandom. Inside PARCO. Check reservation lottery during new releases. Use PARCO app to secure timed entry if new merch drop. Grab resin for cosplay upgrades and friend gifts,4.3,Shopping,"Website: https://shibuya.parco.jp/?utm_source=mybusiness
Maps: https://maps.google.com/?cid=1935335699422656795",
Ichiran Ramen,"November 23, 2025 10:00 PM (GMT)",Day 10,"James, Ken, Nanako, Nicole, Phil",Tokyo,"Post-party ramen fix with custom spice levels and solo booths. Tonkotsu ramen chain. 9 AM-6 AM. Private booth dining with custom spice levels. 24h operation. Try yuzu pepper toppings. Perfect after karaoke. Wind down with customisable tonkotsu ramen in private booths. Queue typically 15 minutes on weekdays. Use ticket machine to order. Bring cash/IC. Credit cards accepted. Experiment with spice level 6",4.4,Food,"Website:
https://ichiran.com/shop/tokyo/shibuya/

Maps:
https://maps.google.com/?cid=1092125928485198446",Sunday
MACCHA HOUSE Kyoto Kawaramachi,,,Ken,Kyoto,"Velvety matcha tiramisu and parfaits for sweet tooth afternoons. Near Kawaramachi Station. Queue ~20 minutes weekends. Join waitlist via tablet at entrance. Ideal after Philosopher's Path if weather turns. Matcha tea, coffee, ice cream, tiramisu. 11 AM-8 PM",3.8,Food,"Website: https://maccha-house.com/1174/
Maps: https://maps.google.com/?cid=12523229912634102181",
Imperial Palace East Gardens,,,"James, Ken, Nicole, Phil",Tokyo,Peaceful gardens with Edo Castle ruins—great midweek breather. Enter via Otemon Gate. Closed Mondays/Fridays. Free entry with bag check. Capture postcard for grandparents,4.4,Attractions,"Website: https://www.kunaicho.go.jp/event/higashigyoen/higashigyoen.html
Maps: https://maps.google.com/?cid=11752987696406660089",
NHK Studio Park,,,James,Tokyo,Explore broadcasting exhibits and pick NHK gifts for Bayliss. Shibuya Scramble Square building. Check open days before visiting. Reserve free timed entry online when reopened. Buy Domo-kun plush,4.1,Shopping,Maps: https://maps.google.com/?cid=8332823349771083842,
Fushimi Inari Taisha,"November 19, 2025 2:30 PM (GMT)",Day 6,"Henry, Nanako",Kyoto,"Trace thousands of vermilion torii up sacred mountain, pausing at Yotsutsuji for Kyoto panorama as lanterns begin to glow. JR Nara Line to Inari. Summit climb takes 90min round trip. Evening lighting is magical. Write wishes on torii ema. Free entrance. Famous thousand torii gates. Consider renting kimono early morning for evening return photos. Write shared wish on torii ema",4.6,Attractions,"Website: https://inari.jp/
Maps: https://maps.google.com/?cid=8870624639634301673",Wednesday
Shibuya Crossing,"November 22, 2025 1:30 PM (GMT)",Day 9,"Henry, James, Ken, Nanako, Nicole, Phil",Tokyo,"Experience world's busiest intersection with all friends - capture iconic Tokyo moment from multiple angles. Try multiple angles: street level, Magnet rooftop (¥600), Starbucks overlook. Free iconic experience. Best at rush hours. Coordinate with Nicole & Ken for meet-up. Arrive 10 minutes early for rooftop slots. Perfect group moment",4.5,Attractions,"Maps:
https://maps.google.com/?cid=2370410330085837161",Saturday
Maidreamin Akihabara,"November 23, 2025 2:00 PM (GMT)",Day 10,"Henry, Ken, Nicole",Tokyo,"Ultimate kawaii culture! Pastel parfaits, silly chants, and polaroid keepsakes with maids - perfect unique Tokyo experience. Book weekend slots via website. Akihabara Central Exit. Nicole will love this. Allow 60 minutes including show time. Reserve weekend slots via website to avoid queue",4.9,"Food, Needs Booking","Website: https://maidreamin.com/shop/detail.html?id=1
Maps: https://maps.google.com/?cid=4445699925429292090",Sunday
