Date,Expense,Transaction Amount,Paid By,Category,Comment,URL
"January 1, 2025",Plane ticket to Japan,$562.10,,Ticket,Make sure to check-in within 48 hours before departure,
"January 6, 2025",Hotel in Osaka,$118.63,,Accommodation,2 nights,
"January 8, 2025",Shibuya Sky Ticket,$15.72,,Entertainment,Booked for 5 pm slot,
"January 10, 2025",Cafe Annon,$29.95,,Dining,,
"January 12, 2025",Kinkaku-ji Temple,$3.56,,Ticket,,
"January 12, 2025",Ichiran Ramen,$7.85,,Dining,,
"January 28, 2025",Shinkansen Ticket,$98.63,,Transportation,8 am departure,https://travel.japanrailpassnow.com/en-US/activity/1420-7-day-whole-japan-rail-pass-jr-pass/?aid=35290&utm_medium=affiliate-alwayson&utm_source=non-network&utm_campaign=35290&utm_term=
"January 7, 2025",Hotel in Kyoto,$120.00,,Accommodation,2 nights,
"January 8, 2025",Hotel in Tokyo,$135.00,,Accommodation,3 nights,
"November 27, 2025",USJ Tickets,,,Tickets,USJ + Express if possible,https://www.usj.co.jp/e/ticket/
"November 22, 2025",Disney Park Tickets,,,Tickets,Tokyo Disney (choose park),https://www.tokyodisneyresort.jp/en/ticket/
"November 23, 2025",teamLab Planets,,,Attractions,Timed entry,https://teamlabplanets.dmm.com/en
"November 24, 2025",Ghibli Museum,,,Attractions,If available during window,https://l-tike.com/st1/ghibli-en/
"November 24, 2025",Shibuya SKY,,,Attractions,Sunset slot,https://www.shibuya-scramble-square.com/en/sky/
"November 17, 2025",Eko-in Temple Stay,,,Accommodation,Kōyasan overnight,https://www.ekoin.jp/en/
"November 23, 2025",Airbnb Tokyo Sleepover,,,Accommodation,Group with Nicole & Ken,https://www.airbnb.com/s/Tokyo--Japan/homes
"November 26, 2025",Himeji Castle,,,Attractions,Timed tickets,https://himejicastle.ntaticketing.com/
