Expense,Category,Comment,Date,Paid By,Transaction Amount,URL
Hotel in Kyoto,Accommodation,2 nights,"January 7, 2025",,$120.00,
Hotel in Osaka,Accommodation,2 nights,"January 6, 2025",,$118.63,
Hotel in Tokyo,Accommodation,3 nights,"January 8, 2025",,$135.00,
Ichiran Ramen,Dining,,"January 12, 2025",,$7.85,
Cafe Annon,Dining,,"January 10, 2025",,$29.95,
Shinkansen Ticket,Transportation,8 am departure,"January 28, 2025",,$98.63,https://travel.japanrailpassnow.com/en-US/activity/1420-7-day-whole-japan-rail-pass-jr-pass/?aid=35290&utm_medium=affiliate-alwayson&utm_source=non-network&utm_campaign=35290&utm_term=
Shibuya Sky Ticket,Entertainment,Booked for 5 pm slot,"January 8, 2025",,$15.72,
Kinkaku-ji Temple,Ticket,,"January 12, 2025",,$3.56,
Plane ticket to Japan,Ticket,Make sure to check-in within 48 hours before departure,"January 1, 2025",,$562.10,
USJ Tickets,Tickets,USJ + Express if possible,"November 27, 2025",,,https://www.usj.co.jp/e/ticket/
Disney Park Tickets,Tickets,Tokyo Disney (choose park),"November 22, 2025",,,https://www.tokyodisneyresort.jp/en/ticket/
teamLab Planets,Attractions,Timed entry,"November 23, 2025",,,https://teamlabplanets.dmm.com/en
Ghibli Museum,Attractions,If available during window,"November 24, 2025",,,https://l-tike.com/st1/ghibli-en/
Shibuya SKY,Attractions,Sunset slot,"November 24, 2025",,,https://www.shibuya-scramble-square.com/en/sky/
Eko-in Temple Stay,Accommodation,Kōyasan overnight,"November 17, 2025",,,https://www.ekoin.jp/en/
Airbnb Tokyo Sleepover,Accommodation,Group with Nicole & Ken,"November 23, 2025",,,https://www.airbnb.com/s/Tokyo--Japan/homes
Himeji Castle,Attractions,Timed tickets,"November 26, 2025",,,https://himejicastle.ntaticketing.com/
