Name,Notes,Packed,Quantity,Type
Socks,,No,7.0,Clothes
Soap,,No,1.0,Toiletries
Phone,,No,1.0,Electronics
Wallet,Cash & coin holder,No,1.0,Essentials
Pepper Spray,,No,1.0,Toiletries
Passport,,No,1.0,Essentials
Headphones,Storage case,No,1.0,Electronics
Empty check-in suitcase,,No,1.0,Essentials
Debit Card,,No,1.0,Essentials
Tissues,,No,3.0,Toiletries
Power Adaptor,,No,2.0,Electronics
Lip Balm,,No,1.0,Toiletries
Shampoo,,No,1.0,Toiletries
Shirt,,No,2.0,Clothes
Makeup,,No,,Toiletries
Underwear,,No,14.0,Clothes
Jeans,,No,1.0,Clothes
Cap,,No,1.0,Clothes
Pajamas,,No,1.0,Clothes
Jacket,,No,1.0,Clothes
Perfume,,No,1.0,Toiletries
Coat,,No,1.0,Clothes
Pants,,No,3.0,Clothes
Cash,,No,,Essentials
Pullover,,No,2.0,Clothes
Wet Wipes,,No,3.0,Toiletries
Nail Clippers,,No,1.0,Toiletries
Razor,,No,1.0,Toiletries
Dental Floss,,No,1.0,Toiletries
Sweater,,No,2.0,Clothes
Cable,"Phone, Camera",No,2.0,Electronics
Portable Charger,,No,1.0,Electronics
Toothpaste,,No,1.0,Toiletries
Hair Brush,,No,1.0,Toiletries
Carry-on suitcase,,No,1.0,Essentials
Water bottle,,No,1.0,Essentials
Toothbrush,,No,1.0,Toiletries
Sunscreen,,No,1.0,Toiletries
Credit Card,,No,1.0,Electronics
Charger,"Phone, laptop",No,3.0,Electronics
Skincare,"Cleanser, Cleansing Oil, Toner, Serum, Moisturizer",No,5.0,Toiletries
ID,,No,1.0,Essentials
Carry-on bag,,No,1.0,Essentials
T-Shirt,,No,5.0,Clothes
Deodorant,,No,1.0,Toiletries
SIM Card,,No,1.0,Electronics
Hand Sanitizer,,No,1.0,Toiletries
Bug Spray,,No,1.0,Toiletries
eSIM / Pocket Wi‑Fi,Connectivity during trip,No,1.0,Electronics
Power bank,"10,000mAh+ with cables",No,1.0,Electronics
Travel adapter,Type A (JP) + USB PD,No,1.0,Electronics
Compact umbrella,"Foldable, wind-resistant",No,1.0,Essentials
Warm layer,Fleece/uniqlo heattech,No,1.0,Clothes
Comfortable shoes,Walk-ready,No,1.0,Clothes
Onsen kit,"Small towel, hair tie",No,1.0,Toiletries
Med kit,"Painkillers, plasters, meds",No,1.0,Health
IC card (Suica/ICOCA),Or set up in Wallet,No,1.0,Essentials
Cash (¥),Small bills/coins for shrines,No,1.0,Essentials
Gifts/omiyage,For friends & Nana’s colleagues,No,1.0,Gifts
Passport + copies,Digital + paper,No,1.0,Essentials
Travel insurance docs,Policy + claim info,No,1.0,Essentials
