Name,Type,Quantity,Notes,Packed
Debit Card,Essentials,1.0,,No
Cash,Essentials,,,No
Wallet,Essentials,1.0,Cash & coin holder,No
Passport,Essentials,1.0,,No
ID,Essentials,1.0,,No
Empty check-in suitcase,Essentials,1.0,,No
Carry-on suitcase,Essentials,1.0,,No
Carry-on bag,Essentials,1.0,,No
Water bottle,Essentials,1.0,,No
Charger,Electronics,3.0,"Phone, laptop",No
Power Adaptor,Electronics,2.0,,No
Phone,Electronics,1.0,,No
Cable,Electronics,2.0,"Phone, Camera",No
Portable Charger,Electronics,1.0,,No
Headphones,Electronics,1.0,Storage case,No
SIM Card,Electronics,1.0,,No
Credit Card,Electronics,1.0,,No
Toothbrush,Toiletries,1.0,,No
Toothpaste,Toiletries,1.0,,No
Dental Floss,Toiletries,1.0,,No
Lip Balm,Toiletries,1.0,,No
Nail Clippers,Toiletries,1.0,,No
Hair Brush,Toiletries,1.0,,No
Wet Wipes,Toiletries,3.0,,No
Hand Sanitizer,Toiletries,1.0,,No
Tissues,Toiletries,3.0,,No
Skincare,Toiletries,5.0,"Cleanser, Cleansing Oil, Toner, Serum, Moisturizer",No
Makeup,Toiletries,,,No
Shampoo,Toiletries,1.0,,No
Soap,Toiletries,1.0,,No
Sunscreen,Toiletries,1.0,,No
Razor,Toiletries,1.0,,No
Bug Spray,Toiletries,1.0,,No
Pepper Spray,Toiletries,1.0,,No
Deodorant,Toiletries,1.0,,No
Perfume,Toiletries,1.0,,No
Sweater,Clothes,2.0,,No
Shirt,Clothes,2.0,,No
T-Shirt,Clothes,5.0,,No
Pullover,Clothes,2.0,,No
Coat,Clothes,1.0,,No
Jacket,Clothes,1.0,,No
Underwear,Clothes,14.0,,No
Pants,Clothes,3.0,,No
Jeans,Clothes,1.0,,No
Socks,Clothes,7.0,,No
Cap,Clothes,1.0,,No
Pajamas,Clothes,1.0,,No
eSIM / Pocket Wi‑Fi,Electronics,1.0,Connectivity during trip,No
Power bank,Electronics,1.0,"10,000mAh+ with cables",No
Travel adapter,Electronics,1.0,Type A (JP) + USB PD,No
Compact umbrella,Essentials,1.0,"Foldable, wind-resistant",No
Warm layer,Clothes,1.0,Fleece/uniqlo heattech,No
Comfortable shoes,Clothes,1.0,Walk-ready,No
Onsen kit,Toiletries,1.0,"Small towel, hair tie",No
Med kit,Health,1.0,"Painkillers, plasters, meds",No
IC card (Suica/ICOCA),Essentials,1.0,Or set up in Wallet,No
Cash (¥),Essentials,1.0,Small bills/coins for shrines,No
Gifts/omiyage,Gifts,1.0,For friends & Nana’s colleagues,No
Passport + copies,Essentials,1.0,Digital + paper,No
Travel insurance docs,Essentials,1.0,Policy + claim info,No
