Name,Day,Description,Group,Notes,Type,URL,Visited
Osaka Castle,Day 1,"9AM-5PM
Entrance: $4.15
Revered castle dating to 1597 & since rebuilt, featuring gardens & a museum with varied exhibits",Osaka,9 AM,Attractions,,Yes
Masahiko Ozumi Paris,Day 1,"10 AM–7 PM, Close on Weds 
950 yen Crochet donuts",Osaka,"10 AM
",Food,,Yes
Unagi Kushiyaki Idumo,Day 1,"Unadon (grilled eel rice bowl)
11 AM–10 PM",Osaka,"11 AM
",Food,https://tabelog.com/osaka/A2701/A270101/27101583/,Yes
Riceball Gori-chan Namba,Day 1,"11 AM–8 PM, closed on Tuesdays
350 yen, cash only",Osaka,12 PM,Food,,No
Hep Five Ferris Wheel,Day 1,"11AM-10:45PM
Entrance: $4.18",Osaka,3 PM,Attractions,,No
Umeda Sky Building,Day 1,"9:30AM-10:30PM, Entrance: $10.42
Connected skyscrapers with a rooftop garden observatory, plus a restaurant & lounge with city views",Osaka,4 PM,Attractions,,No
Takoume Honten (Oden),Day 1,Oden,Osaka,6 PM,Food,,No
Ebisubashi Bridge,Day 1,Osaka’s main shopping area and Glico Man,Osaka,9 PM,Shopping,,No
Rikuro’s Namba Main Branch,Day 1,"Fluffy pancakes
9AM-8PM",Osaka,7 PM,Food,,No
Abura Soba Kirinji Sennichimae,,"Hours: 11:30 AM–12 AM
Cash only",Osaka,8 PM,Food,http://suzume-group.co.jp/,No
Cup Noodles Museum,Day 2,"Customize your ramen, free entrance
Hours: 9:30 AM–4:30 PM",Osaka,10:30 AM,Attractions,https://www.cupnoodles-museum.jp/en/osaka_ikeda/,Yes
"Rice Ball ""Onigiri"" Gorichan",,,Osaka,,Food,,No
Studio Ghibli Store,Day 2,"Ghibli store
10 AM–8 PM",Osaka,1 PM,Shopping,,Yes
Gyukatsu Motomura,Day 2,Credit card accepted,Osaka,1:30 PM,Food,,Yes
Namba Yasaka Shrine,Day 2,"Hours: 9AM-5PM, free entrance
Small shrine featuring a ritualistic performance stage in the shape of a lion's head",Osaka,3 PM,Attractions,,No
Bear Paw Cafe,Day 2,"Sun, Tues, Wed, Thurs: 11 AM–6:30 PM
Fri, Sat: 11 AM–7:30 PM
Mon: Closed
Credit card accepted",Osaka,5 PM,Food,,No
CAFE ANNON カフェアンノン なんば,Day 2,"Fluffy pancakes & parfaits
Credit card & reservations accepted",Osaka,"4 PM
",Food,https://cafe-annon.com/,No
Kuromon Ichiba Market,Day 2,"Market with vendors selling street food, fresh produce & shellfish, souvenirs, cheap wagyu beef",Osaka,6 PM,Food,,No
Katsudon Chiyomatsu,Day 2,"11 AM–9 PM
Cash only",Osaka,7:30 PM,Food,,No
"Shin Sekai ""New World""",Day 2,"Colorful district created in 1912 with a 103-m tower, restaurants & souvenir shops
Tower included in Osaka Amazing Pass",Osaka,8 PM,Shopping,,No
Sannenzaka Path,Day 7,Stone-paved road with traditional buildings and shops,Kyoto,11:30 AM,Attractions,,Yes
Shunsai Imari,Day 5,"breakfast sets
Everyday except Tues 7:30–9:30 AM, 5:30–10:30 PM
Credit card accepted",Kyoto,9 AM,Food,,Yes
Heian Shrine,Day 5,"Free admission, 6AM-5PM
Classic Shinto shrine & landscaped gardens created in 1895 for the city's 1,100th birthday",Kyoto,10:30 AM,Attractions,,Yes
Fushimi Inari Taisha,Day 5,Free entrance,Kyoto,12:30 PM,Attractions,,Yes
(THISIS)SHIZEN,Day 5,"10 AM–7 PM
Flower ice cream
Credit card accepted",Kyoto,2:30 PM,Food,,No
Nishiki Market,Day 5,"9AM-6PM
Fresh and preserved foods, duck specialties, Japanese sweets, and pickles",Kyoto,3:30 PM,Food,,No
CAFE REISSUE,Day 6,"2-D and 3-D cafe drinks
10 AM–7 PM, Monday closed
Cash only",Tokyo,11 AM,Food,,Yes
NAMU CAFE,Day 6,"11 AM–8 PM
Credit card accepted",Tokyo,12 PM,Food,,Yes
Takeshita Street,Day 6,Anime stores in Harajuku,Tokyo,1 PM,Shopping,,Yes
Shibuya Crossing,Day 6,,Tokyo,2 PM,Attractions,,No
Shibuya Sky,Day 6,observation deck - $14,Tokyo,2:30 PM,Attractions,https://www.shibuya-scramble-square.com/sky/ticket/,No
Ichiran Ramen,Day 6,"9AM-6AM, Tonkotsu ramen
Credit card accepted",Tokyo,6:30 PM,Food,,No
LOFT,Day 6,"Leading Japanese household goods specialty store stocking stationery, watches and accessories, health products, homewares and variety goods
10:00 AM - 9:00 PM",Tokyo, 7 PM,Shopping,,No
Shibuya 109,Day 6,"Mall with stores selling trendy Japanese pop fashions
10:00 AM - 9:00 PM",Tokyo,8 PM,Shopping,,No
Tofu Cuisine Sorano Shibuya,Day 6,"Everything tofu
5 PM - 10:45 PM
Credit card accepted",Tokyo,9 PM,Food,,No
Togoshiya,Day 6,"8 AM - 11 PM
Onigiri
Credit card accepted",Tokyo,9:30 PM,Food,,No
Kaikaya by the Sea,Day 6,"5 PM–10:30 PM, close on Wed
Credit card accepted",Tokyo,10 PM,Food,,No
Waka Kimono Rental Kiyomizu,Day 7,"No booking required
9 AM - 6 PM",Kyoto,,Attractions,https://kyoto-photostudio.com/,Yes
Kiyomizu-dera,Day 7,"Buddhist temple on Mount Otowa known for the scenic views afforded from its sizable veranda, Otowanotaki Falls can drink from the cascade where 3 streams believed to bring love/prosperity/longevity

Entrance: $2.81",Kyoto,"1 PM
",Attractions,,No
Hanamikoji Street,Day 7,"Historic district with traditional buildings, kimono shops, restaurants & geisha",Kyoto,2:30 PM,Shopping,,No
Gion Komori,Day 7,"11 AM–6:30 PM, close on Mon
Cash only, 1700 yen",Kyoto,3:30 PM,Food,,No
Kyoto Yakiniku Hiro Shijo Kiyamachi Branch,Day 7,"5–11 PM
Credit card accepted",Kyoto,6 PM,Food,https://yoyaku.toreta.in/yasaka/#/reserve-info,No
Arashiyama Miffy Sakura Kitchen,Day 8,"Everyday 10 AM–6 PM
Miffy cafe
Credit card accepted",Kyoto,10 AM,Food,,Yes
Arashiyama Rilakkuma Tea House,Day 8,"Everyday 10:30 AM–5:30 PM
Rilakumma based tea house/cafe
Credit card accepted, 1650 yen",Kyoto,11:30 AM,Food,,Yes
Arashiyama Bamboo Forest,Day 8,,Kyoto,12:30 PM,Attractions,,Yes
Arashiyama Itsukichaya,Day 8,,Kyoto,2 PM,Food,https://www.tablecheck.com/en/shops/itsukichaya/reserve,No
Kinkaku-ji,Day 8,"Historic, tranquil temple with a gold-leaf facade set amid landscaped gardens & a reflecting pond.
9AM-5PM
Entrance: $3.50",Kyoto,"4 PM
",Attractions,,No
Arashiyama Yoshimura,,"Everyday 11 AM–5 PM
Soba with good view",Kyoto,,Food,,No
Animate ikebukuro,Day 4,"Biggest anime store in Tokyo
11 AM–8 PM",Tokyo,10:30 AM,Shopping,,Yes
Shiba Park,Day 3,Free,Tokyo,10 AM,Attractions,,Yes
Tokyo Tower,Day 3,9:00 AM - 10:30 PM,Tokyo,11 AM,Attractions,,Yes
tokyo ramen yokocho,Day 3,"Small ramen shop near Tokyo Station Ramen Alley
11 AM–11 PM
Credit card accepted",Tokyo,12 PM,Food,,No
Bakery Bank,Day 3,"Curry bun + cafe
8 AM–6 PM (close on Wed)
credit card accepted",Tokyo,12:30 PM,Food,,No
Tokyo Character Street,Day 3,"Inside Tokyo Station with stores for anime and manga character merchandise, official plushies
10:00 AM - 8:30 PM",Tokyo,1 PM,Shopping,,No
Ippuku & Matcha,Day 3,11 AM–8 PM,Tokyo,3:30 PM,Food,,No
GU,Day 3,11 AM–9 PM,Tokyo,5:30PM,Shopping,,No
Uniqlo Ginza,Day 3,"Biggest Uniqlo, 12 levels, connect to GU, customizable bags & shirts
11 AM–9 PM",Tokyo,7 PM,Shopping,,No
Unitora Nakadori,Day 3,"Uni bowls at Tsukiji Outer Market
7 AM–9 PM
Cash only",Tokyo,8 PM,Food,,No
Shabusen,Day 3,"Shabu shabu
11am-3:30pm, 5pm-9pm
credit card accepted",Tokyo,9 PM,,,No
Godaime Hanayama Udon Nihonbashi,Day 3,"11 AM–3:30 PM
5:30–9:30 PM

Credit card accepted",Tokyo,10 PM,Food,,No
Ikeda-ya TeaStore,Day 4,Matcha store,Tokyo,11 AM,,,Yes
Hello Donuts,Day 4,"11 AM–10 PM
Credit card accepted",Tokyo,1 PM,Food,,Yes
2D Cafe,Day 4,"11 AM–10 PM
Credit Card accepted",Tokyo,1:30 PM,Food,,No
Shinpachi Shokudō Shinjuku Tonanguchi,Day 4,4AM-3AM everyday,Tokyo,2:30 PM,Food,,No
Suga Jinja,Day 4,Your Name red staircase,Tokyo,5 PM,Attractions,,No
Asakusaimahan Kirakutei,Day 4,"sukiyaki (marbled wagyu beef for $28)
11 AM - 10 PM
Credit card accepted",Tokyo,6:30 PM,Food,,No
Tokyo Metropolitan Government Building,Day 4,9:30 AM - 10:00 PM (entry until 9:30 PM),Tokyo,8 PM,Attractions,https://www.yokoso.metro.tokyo.lg.jp/en/tenbou/index.html,No
Ebisubashi Bridge,,Gilco man,Osaka,,Attractions,,No
Udon Maruka,,"Saturday: 11 AM–2:30 PM
Sunday, Closed
Other days: 11 AM–4 PM, 5–7:30 PM",Tokyo,,Food,,No
MACCHA HOUSE Kyoto Kawaramachi,,"11 AM–8 PM
Matcha tea, coffee, ice cream, tiramisu",Kyoto,,Food,,No
Kyushu Ramen Kio Dotombori,,,Osaka,11 AM–2 AM,Food,,No
Kura Sushi Namba-Motomachi Store,,"Conveyer belt affordable sushi

Mon: 11AM-10PM
Tues, Wed, Sat: 10:20AM-12AM
Thurs, Fri: 11 AM–12 AM
Sun: 10:20AM-9PM",Osaka,,Food,,No
Shinsekai,,Trendy retro district,Osaka,,Attractions,,No
Arrive KIX → Hirakata,Day 1,EK316 arrival ~17:05; check-in near Hirakatashi. With Nana.,Osaka,Evening,Travel,,No
Dōtonbori food walk,Day 1,"Takoyaki, okonomiyaki, Glico sign photos.",Osaka,Night,Attractions,,No
Arashiyama bamboo & river,Day 2,Early start; bamboo grove + river walk.,Kyoto,Morning,Attractions,,No
Kiyomizu-dera & Sannenzaka,Day 2,Temple + old streets; photo spots.,Kyoto,Afternoon,Attractions,,No
Fushimi Inari torii,Day 2,Golden hour / dusk for fewer crowds.,Kyoto,Evening,Attractions,,No
Nara Park + Tōdai-ji,Day 3,Deer park + Great Buddha.,Kyoto,Morning,Attractions,,No
Uji tea tasting,Day 3,Byōdō-in area; matcha desserts.,Kyoto,Afternoon,Food,,No
Travel to Kōyasan,Day 4,Check-in temple lodging **Eko-in**. Shojin-ryōri dinner.,Kyoto,Afternoon,Travel,https://www.ekoin.jp/en/,No
Okunoin night tour,Day 4,Guided night walk through Okunoin cemetery.,Kyoto,Evening,Attractions,https://www.ekoin.jp/en/,No
Stay: Kōyasan Eko-in,Day 4,Temple stay with morning prayers.,Kyoto,Night,Stay,https://www.ekoin.jp/en/,No
Return to Osaka,Day 5,Back from Kōyasan; light day (Nana work).,Osaka,Morning,Travel,,No
Cup Noodles Museum (Ikeda),Day 5,Design your own cup; cute date.,Osaka,Afternoon,Attractions,https://www.cupnoodles-museum.jp/en/osaka_ikeda/,No
Shinsaibashi & Amerikamura,Day 5,Fashion + café crawl; Nana evening possible.,Osaka,Evening,Attractions,,No
Arima Onsen soak,Day 6,Gold/Silver baths day trip from Kobe.,Kobe,Morning,Attractions,,No
Kobe Harborland night walk,Day 6,Waterfront dinner + lights.,Kobe,Evening,Attractions,,No
Umeda Sky Building,Day 7,Sunset 360° rooftop view.,Osaka,Afternoon,Attractions,https://www.skybldg.co.jp/en/,No
Abeno Harukas 300,Day 8,Evening view after Nana work.,Osaka,Evening,Attractions,https://www.abenoharukas-300.jp/en/,No
Shinkansen to Tokyo,Day 9,Head to Tokyo with Nana; check Disney area.,Tokyo,Morning,Travel,,No
Tokyo Disney day,Day 9,Rides + photos; stay near Disney.,Tokyo,All day,Attractions,https://www.tokyodisneyresort.jp/en/ticket/,No
Stay: Disney Hotel,Day 9,Disney hotel near parks (cute night).,Tokyo,Night,Stay,https://www.tokyodisneyresort.jp/en/hotel/dh.html,No
teamLab Planets,Day 10,Immersive art museum; book timed slot.,Tokyo,Morning,Attractions,https://teamlabplanets.dmm.com/en,No
Collab café (Animate / Kirby / Pokémon),Day 10,Pick one themed café; reservation required.,Tokyo,Afternoon,Food,https://kirbycafe.jp/en/,No
Karaoke + izakaya with friends,Day 10,With Nicole & Ken; Airbnb sleepover.,Tokyo,Evening,Attractions,,No
Stay: Airbnb Tokyo sleepover,Day 10,Group Airbnb with Nicole/Ken.,Tokyo,Night,Stay,https://www.airbnb.com/s/Tokyo--Japan/homes,No
Shibuya scramble + Parco,Day 11,Nintendo/Pokémon stores; Hachikō photo.,Tokyo,Morning,Attractions,,No
Harajuku fashion crawl,Day 11,Takeshita-dori + Omotesandō (Nana style).,Tokyo,Afternoon,Attractions,,No
Meet James (evening),Day 11,Dinner & drinks (Shinjuku/Ikebukuro).,Tokyo,Evening,Attractions,,No
Shinkansen back to Osaka,Day 12,Return to base; Nana work day.,Osaka,Morning,Travel,,No
Himeji Castle + Kōko-en,Day 13,UNESCO “White Heron” castle + gardens.,Kobe,Day,Attractions,https://himejicastle.ntaticketing.com/,No
Universal Studios Japan — Nintendo World,Day 14,Express Pass if possible; Mario Kart + Yoshi.,Osaka,Day,Attractions,https://www.usj.co.jp/e/ticket/,No
Birthday Dinner Osaka,Day 15,Invite Nicole & Ken; karaoke after.,Osaka,Evening,Food,,No
Kyoto leaves finale (Eikan-dō/Tofuku-ji),Day 16,Autumn light-ups if running; tea in Uji.,Kyoto,Day,Attractions,,No
Pack & Hirakata time → KIX,Day 17,"Last stroll, then late flight EK317 23:10.",Osaka,Evening,Travel,,No
