﻿Name,Day,Description,Group,Notes,Type,URL,Visited
Shinsekai,,Trendy retro district,Osaka,,Attractions,,No
Sannenzaka Path,Day 7,Stone-paved road with traditional buildings and shops,Kyoto,11:30 AM,Attractions,,Yes
Fushimi Inari Taisha,Day 5,Free entrance,Kyoto,12:30 PM,Attractions,,Yes
Kiyomizu-dera,Day 7,"Buddhist temple on Mount Otowa known for the scenic views afforded from its sizable veranda, Otowanotaki Falls can drink from the cascade where 3 streams believed to bring love/prosperity/longevity

Entrance: $2.81",Kyoto,"1 PM
",Attractions,,No
Shiba Park,Day 3,Free,Tokyo,10 AM,Attractions,,Yes
Heian Shrine,Day 5,"Free admission, 6AM-5PM
Classic Shinto shrine & landscaped gardens created in 1895 for the city's 1,100th birthday",Kyoto,10:30 AM,Attractions,,Yes
Kinkaku-ji,Day 8,"Historic, tranquil temple with a gold-leaf facade set amid landscaped gardens & a reflecting pond.
9AM-5PM
Entrance: $3.50",Kyoto,"4 PM
",Attractions,,No
Namba Yasaka Shrine,Day 2,"Hours: 9AM-5PM, free entrance
Small shrine featuring a ritualistic performance stage in the shape of a lion's head",Osaka,3 PM,Attractions,,No
Ebisubashi Bridge,,Gilco man,Osaka,,Attractions,,No
Tokyo Metropolitan Government Building,Day 4,9:30 AM - 10:00 PM (entry until 9:30 PM),Tokyo,8 PM,Attractions,https://www.yokoso.metro.tokyo.lg.jp/en/tenbou/index.html,No
Tokyo Tower,Day 3,9:00 AM - 10:30 PM,Tokyo,11 AM,Attractions,,Yes
Shibuya Crossing,Day 6,,Tokyo,2 PM,Attractions,,No
Suga Jinja,Day 4,Your Name red staircase,Tokyo,5 PM,Attractions,,No
Osaka Castle,Day 1,"9AM-5PM
Entrance: $4.15
Revered castle dating to 1597 & since rebuilt, featuring gardens & a museum with varied exhibits",Osaka,9 AM,Attractions,,Yes
Cup Noodles Museum,Day 2,"Customize your ramen, free entrance
Hours: 9:30 AM–4:30 PM",Osaka,10:30 AM,Attractions,https://www.cupnoodles-museum.jp/en/osaka_ikeda/,Yes
Umeda Sky Building,Day 1,"9:30AM-10:30PM, Entrance: $10.42
Connected skyscrapers with a rooftop garden observatory, plus a restaurant & lounge with city views",Osaka,4 PM,Attractions,,No
Hep Five Ferris Wheel,Day 1,"11AM-10:45PM
Entrance: $4.18",Osaka,3 PM,Attractions,,No
Arashiyama Bamboo Forest,Day 8,,Kyoto,12:30 PM,Attractions,,Yes
Shibuya Sky,Day 6,observation deck - $14,Tokyo,2:30 PM,Attractions,https://www.shibuya-scramble-square.com/sky/ticket/,No
Waka Kimono Rental Kiyomizu,Day 7,"No booking required
9 AM - 6 PM",Kyoto,,Attractions,https://kyoto-photostudio.com/,Yes